run,from_phase,to_phase,from_lang,to_lang,layer,tau,n_self,self_change,task_change,random_change,gap,gap_vs_random,self_overlap
continual,1,2,hi,zh,enc0,0.15,2374,31.2581729888916,42.455535888671875,32.07558584213257,11.197362899780273,0.8174128532409668,0.9179548156956004
continual,1,2,hi,zh,enc0,0.2,1527,28.959449768066406,36.672367095947266,32.0455397605896,7.712917327880859,3.086089992523192,0.665312341289995
continual,1,2,hi,zh,enc0,0.25,814,26.924365997314453,34.47147750854492,31.970429992675783,7.547111511230469,5.0460639953613295,0.5741071428571428
continual,1,2,hi,zh,enc0,0.3,281,24.17243766784668,33.045711517333984,31.935974407196046,8.873273849487305,7.763536739349366,0.4194139194139194
continual,1,2,hi,zh,enc0,0.4,39,18.628515243530273,32.279701232910156,31.843323230743408,13.651185989379883,13.214807987213135,0.6521739130434783
continual,1,2,hi,zh,enc0,0.5,18,14.165117263793945,32.19852828979492,32.127123260498045,18.033411026000977,17.9620059967041,0.6666666666666666
continual,1,2,hi,zh,enc1,0.15,2232,36.75263214111328,47.62773132324219,38.112813758850095,10.875099182128906,1.3601816177368136,0.8605962933118453
continual,1,2,hi,zh,enc1,0.2,1310,33.55986022949219,42.952274322509766,38.1319076538086,9.392414093017578,4.572047424316409,0.6279863481228669
continual,1,2,hi,zh,enc1,0.25,787,30.573715209960938,41.50719451904297,37.98727264404297,10.933479309082031,7.41355743408203,0.5859750240153698
continual,1,2,hi,zh,enc1,0.3,382,27.959138870239258,39.93267822265625,38.077965354919435,11.973539352416992,10.118826484680177,0.49750415973377704
continual,1,2,hi,zh,enc1,0.4,55,22.404664993286133,38.49162292480469,38.36663875579834,16.086957931518555,15.961973762512208,0.4
continual,1,2,hi,zh,enc1,0.5,38,19.166240692138672,38.43198013305664,38.042306137084964,19.26573944091797,18.876065444946292,0.6428571428571429
continual,1,2,hi,zh,enc2,0.15,2172,40.02922439575195,52.466739654541016,41.89754390716553,12.437515258789062,1.8683195114135742,0.826797385620915
continual,1,2,hi,zh,enc2,0.2,1431,36.663291931152344,48.569881439208984,41.8998836517334,11.90658950805664,5.236591720581053,0.6502490315439956
continual,1,2,hi,zh,enc2,0.25,835,32.80290603637695,46.3247184753418,41.963884353637695,13.521812438964844,9.160978317260742,0.5841584158415841
continual,1,2,hi,zh,enc2,0.3,429,29.623424530029297,44.38861083984375,41.92105197906494,14.765186309814453,12.297627449035645,0.5078125
continual,1,2,hi,zh,enc2,0.4,69,21.617446899414062,42.47650146484375,41.92247066497803,20.859054565429688,20.305023765563966,0.4
continual,1,2,hi,zh,enc2,0.5,31,18.036991119384766,42.206966400146484,42.80428199768066,24.16997528076172,24.767290878295896,0.5833333333333334
continual,1,2,hi,zh,enc3,0.15,2321,42.36164474487305,53.9764518737793,43.427399253845216,11.61480712890625,1.0657545089721694,0.8788608102687525
continual,1,2,hi,zh,enc3,0.2,1618,39.67289733886719,49.926753997802734,43.436937522888186,10.253856658935547,3.764040184020999,0.6808080808080809
continual,1,2,hi,zh,enc3,0.25,972,36.42240524291992,47.74506759643555,43.48880195617676,11.322662353515625,7.066396713256836,0.5987654320987654
continual,1,2,hi,zh,enc3,0.3,492,33.27897644042969,45.86484146118164,43.556017303466795,12.585865020751953,10.277040863037108,0.48021108179419525
continual,1,2,hi,zh,enc3,0.4,48,23.619810104370117,43.8248405456543,43.37952156066895,20.20503044128418,19.75971145629883,0.3524590163934426
continual,1,2,hi,zh,enc3,0.5,27,20.024961471557617,43.695648193359375,43.00056762695313,23.670686721801758,22.97560615539551,0.5813953488372093
continual,1,2,hi,zh,dec0,0.15,2248,76.45195007324219,81.7602767944336,77.1068328857422,5.308326721191406,0.6548828125000057,0.8229208117787505
continual,1,2,hi,zh,dec0,0.2,1386,74.44358825683594,80.23370361328125,77.18959121704101,5.7901153564453125,2.7460029602050753,0.465068842427333
continual,1,2,hi,zh,dec0,0.25,660,71.35541534423828,79.09400177001953,77.18247833251954,7.73858642578125,5.827062988281256,0.2845379688929552
continual,1,2,hi,zh,dec0,0.3,184,68.45640563964844,77.7681884765625,76.78566513061523,9.311782836914062,8.329259490966791,0.23529411764705882
continual,1,2,hi,zh,dec0,0.4,43,50.97871017456055,77.54512786865234,77.56481742858887,26.566417694091797,26.58610725402832,0.3229166666666667
continual,1,2,hi,zh,dec0,0.5,16,51.367340087890625,77.26073455810547,77.8777027130127,25.893394470214844,26.51036262512207,0.36666666666666664
continual,1,2,hi,zh,dec1,0.15,2129,79.28486633300781,86.61386108398438,80.52358131408691,7.3289947509765625,1.2387149810790987,0.7571196094385679
continual,1,2,hi,zh,dec1,0.2,1379,77.46461486816406,84.08496856689453,80.48776016235351,6.620353698730469,3.0231452941894474,0.48214285714285715
continual,1,2,hi,zh,dec1,0.25,736,74.52136993408203,82.93877410888672,80.63927574157715,8.417404174804688,6.11790580749512,0.35951134380453753
continual,1,2,hi,zh,dec1,0.3,350,72.12060546875,81.84880065917969,80.6240249633789,9.728195190429688,8.5034194946289,0.2784184514003295
continual,1,2,hi,zh,dec1,0.4,54,67.29381561279297,80.80374908447266,80.59964447021484,13.509933471679688,13.305828857421872,0.15584415584415584
continual,1,2,hi,zh,dec1,0.5,27,68.13195037841797,80.65081024169922,79.81501960754395,12.51885986328125,11.683069229125977,0.35294117647058826
continual,1,2,hi,zh,dec2,0.15,2139,77.56250762939453,83.20221710205078,78.5198860168457,5.63970947265625,0.9573783874511719,0.7835010060362173
continual,1,2,hi,zh,dec2,0.2,1257,75.92945861816406,80.96009063720703,78.50924263000488,5.030632019042969,2.5797840118408146,0.46445497630331756
continual,1,2,hi,zh,dec2,0.25,593,75.06396484375,79.5228271484375,78.55024108886718,4.4588623046875,3.486276245117182,0.2628951747088186
continual,1,2,hi,zh,dec2,0.3,250,73.23464965820312,79.05873107910156,78.51722869873046,5.8240814208984375,5.282579040527338,0.15519765739385066
continual,1,2,hi,zh,dec2,0.4,61,68.11384582519531,78.74325561523438,78.76030769348145,10.629409790039062,10.646461868286138,0.10160427807486631
continual,1,2,hi,zh,dec2,0.5,43,65.55374145507812,78.71097564697266,78.10365447998046,13.157234191894531,12.549913024902338,0.0
continual,1,2,hi,zh,dec3,0.15,2261,69.68441772460938,78.03173828125,70.67002716064454,8.347320556640625,0.9856094360351619,0.8623962040332147
continual,1,2,hi,zh,dec3,0.2,1400,67.98255157470703,73.8899917602539,70.69914665222169,5.907440185546875,2.716595077514654,0.5133740028155795
continual,1,2,hi,zh,dec3,0.25,599,65.57980346679688,72.21094512939453,70.83021125793456,6.631141662597656,5.25040779113769,0.26818515797207937
continual,1,2,hi,zh,dec3,0.3,189,60.54872131347656,71.4653091430664,70.33230743408203,10.916587829589844,9.783586120605463,0.09961685823754789
continual,1,2,hi,zh,dec3,0.4,14,63.404685974121094,70.69924926757812,69.73028144836425,7.294563293457031,6.325595474243158,0.0037735849056603774
continual,1,2,hi,zh,dec3,0.5,11,64.24082946777344,70.68704986572266,71.08707981109619,6.446220397949219,6.846250343322751,0.0
continual,2,3,zh,ar,enc0,0.15,2375,29.818161010742188,38.67440414428711,30.459262084960937,8.856243133544922,0.6411010742187493,0.9056982343499197
continual,2,3,zh,ar,enc0,0.2,1467,27.351985931396484,34.62720489501953,30.454193019866942,7.275218963623047,3.1022070884704576,0.6633333333333333
continual,2,3,zh,ar,enc0,0.25,771,24.674428939819336,32.95076370239258,30.45463819503784,8.276334762573242,5.780209255218505,0.5755467196819085
continual,2,3,zh,ar,enc0,0.3,383,22.665225982666016,31.829174041748047,30.473208618164062,9.163948059082031,7.807982635498046,0.4593406593406593
continual,2,3,zh,ar,enc0,0.4,27,17.858423233032227,30.592466354370117,31.37987174987793,12.73404312133789,13.521448516845702,0.4666666666666667
continual,2,3,zh,ar,enc0,0.5,13,11.161540985107422,30.55665397644043,30.67709836959839,19.395112991333008,19.515557384490968,0.631578947368421
continual,2,3,zh,ar,enc1,0.15,2203,35.42068862915039,46.0884895324707,36.905194473266604,10.667800903320312,1.4845058441162138,0.8281121187139324
continual,2,3,zh,ar,enc1,0.2,1342,31.990633010864258,42.32671356201172,36.94741325378418,10.336080551147461,4.956780242919919,0.6564647095565271
continual,2,3,zh,ar,enc1,0.25,784,28.783905029296875,40.49481201171875,36.93920974731445,11.710906982421875,8.155304718017575,0.627979274611399
continual,2,3,zh,ar,enc1,0.3,430,25.627552032470703,39.18568801879883,36.928479766845705,13.558135986328125,11.300927734375001,0.5177570093457944
continual,2,3,zh,ar,enc1,0.4,91,22.295618057250977,37.446929931640625,37.47533912658692,15.151311874389648,15.17972106933594,0.3904761904761905
continual,2,3,zh,ar,enc1,0.5,32,17.568096160888672,37.153160095214844,36.556152153015134,19.585063934326172,18.988055992126462,0.48936170212765956
continual,2,3,zh,ar,enc2,0.15,2216,40.40522384643555,53.547386169433594,42.15372104644776,13.142162322998047,1.7484972000122099,0.8162251655629139
continual,2,3,zh,ar,enc2,0.2,1448,36.47591018676758,49.58737564086914,42.17204895019531,13.111465454101562,5.696138763427733,0.6651243493348756
continual,2,3,zh,ar,enc2,0.25,844,32.60286331176758,46.87730407714844,42.03549308776856,14.27444076538086,9.43262977600098,0.6113243761996161
continual,2,3,zh,ar,enc2,0.3,443,29.487607955932617,44.825347900390625,42.41620044708252,15.337739944458008,12.9285924911499,0.5138888888888888
continual,2,3,zh,ar,enc2,0.4,27,23.55966567993164,42.36958694458008,42.16969928741455,18.809921264648438,18.61003360748291,0.17073170731707318
continual,2,3,zh,ar,enc2,0.5,19,11.980705261230469,42.39694595336914,41.78202323913574,30.416240692138672,29.80131797790527,0.6129032258064516
continual,2,3,zh,ar,enc3,0.15,2347,46.3097038269043,56.8160400390625,47.14875831604004,10.506336212158203,0.8390544891357408,0.8724428399518652
continual,2,3,zh,ar,enc3,0.2,1701,43.98268508911133,53.52287292480469,47.18159999847412,9.54018783569336,3.1989149093627915,0.672883064516129
continual,2,3,zh,ar,enc3,0.25,1035,41.42646789550781,51.091346740722656,47.110259437561034,9.664878845214844,5.683791542053221,0.5594405594405595
continual,2,3,zh,ar,enc3,0.3,432,37.53078842163086,49.143516540527344,47.20254764556885,11.612728118896484,9.67175922393799,0.40425531914893614
continual,2,3,zh,ar,enc3,0.4,35,20.88594627380371,47.54838943481445,47.69248867034912,26.662443161010742,26.80654239654541,0.5961538461538461
continual,2,3,zh,ar,enc3,0.5,21,17.95555877685547,47.42561340332031,47.36176166534424,29.470054626464844,29.40620288848877,0.5483870967741935
continual,2,3,zh,ar,dec0,0.15,2083,74.9906234741211,78.90586853027344,75.72813529968262,3.9152450561523438,0.7375118255615263,0.7641547861507129
continual,2,3,zh,ar,dec0,0.2,1278,73.2249755859375,78.20752716064453,75.77503509521485,4.982551574707031,2.5500595092773466,0.45653362493165667
continual,2,3,zh,ar,dec0,0.25,593,71.01355743408203,77.13905334472656,75.74487609863282,6.125495910644531,4.731318664550784,0.28512820512820514
continual,2,3,zh,ar,dec0,0.3,207,66.05162811279297,76.57070922851562,75.61287269592285,10.519081115722656,9.561244583129877,0.2532051282051282
continual,2,3,zh,ar,dec0,0.4,23,53.40185546875,75.92247772216797,76.06458358764648,22.52062225341797,22.66272811889648,0.2222222222222222
continual,2,3,zh,ar,dec0,0.5,8,46.29042053222656,75.8124008178711,75.02060623168946,29.52198028564453,28.730185699462893,0.2631578947368421
continual,2,3,zh,ar,dec1,0.15,2197,78.47274017333984,84.31842803955078,79.30886878967286,5.8456878662109375,0.8361286163330135,0.761400651465798
continual,2,3,zh,ar,dec1,0.2,1501,77.14506530761719,82.35830688476562,79.25687599182129,5.2132415771484375,2.1118106842041016,0.5062761506276151
continual,2,3,zh,ar,dec1,0.25,830,74.89488983154297,81.41585540771484,79.30386276245117,6.520965576171875,4.408972930908206,0.3248730964467005
continual,2,3,zh,ar,dec1,0.3,249,69.52661895751953,80.35485076904297,79.38302001953124,10.828231811523438,9.856401062011713,0.22244897959183674
continual,2,3,zh,ar,dec1,0.4,35,57.42771911621094,79.6048355102539,78.66030197143554,22.17711639404297,21.232582855224607,0.3283582089552239
continual,2,3,zh,ar,dec1,0.5,21,53.975772857666016,79.51111602783203,79.60952796936036,25.535343170166016,25.63375511169434,0.23076923076923078
continual,2,3,zh,ar,dec2,0.15,2380,75.89625549316406,81.95248413085938,76.31133918762207,6.0562286376953125,0.41508369445800497,0.8090472377902321
continual,2,3,zh,ar,dec2,0.2,1714,75.2989273071289,78.3949966430664,76.29346199035645,3.0960693359375,0.9945346832275419,0.4606686332350049
continual,2,3,zh,ar,dec2,0.25,1016,73.96649932861328,77.87212371826172,76.34544143676757,3.9056243896484375,2.378942108154291,0.28207171314741036
continual,2,3,zh,ar,dec2,0.3,386,74.32061767578125,76.67744445800781,76.33794822692872,2.3568267822265625,2.0173305511474666,0.1821561338289963
continual,2,3,zh,ar,dec2,0.4,49,52.70269012451172,76.78298950195312,76.74490318298339,24.080299377441406,24.042213058471674,0.4864864864864865
continual,2,3,zh,ar,dec2,0.5,29,48.31020736694336,76.64303588867188,76.1030647277832,28.332828521728516,27.792857360839847,0.44
continual,2,3,zh,ar,dec3,0.15,2476,70.36791229248047,77.34040069580078,70.59583206176758,6.9724884033203125,0.22791976928711222,0.8693764798737175
continual,2,3,zh,ar,dec3,0.2,2003,69.78410339355469,73.5188217163086,70.594966506958,3.7347183227539062,0.8108631134033146,0.5287511230907457
continual,2,3,zh,ar,dec3,0.25,1346,69.37743377685547,71.94851684570312,70.60988273620606,2.5710830688476562,1.2324489593505916,0.27290575916230364
continual,2,3,zh,ar,dec3,0.3,676,67.80036926269531,71.60005187988281,70.57595977783203,3.7996826171875,2.775590515136713,0.12777053455019557
continual,2,3,zh,ar,dec3,0.4,136,65.40045166015625,70.88824462890625,70.6115650177002,5.48779296875,5.211113357543951,0.0
continual,2,3,zh,ar,dec3,0.5,26,65.1495132446289,70.652587890625,70.5511531829834,5.503074645996094,5.401639938354492,0.0
continual,3,4,ar,hi,enc0,0.15,2340,28.91961097717285,37.30448913574219,29.65955219268799,8.384878158569336,0.7399412155151381,0.8920545746388443
continual,3,4,ar,hi,enc0,0.2,1450,26.454866409301758,33.80120086669922,29.645323753356934,7.346334457397461,3.190457344055176,0.6602162777461582
continual,3,4,ar,hi,enc0,0.25,705,23.23638916015625,32.07398223876953,29.562980747222902,8.837593078613281,6.326591587066652,0.611353711790393
continual,3,4,ar,hi,enc0,0.3,323,21.989004135131836,30.744943618774414,29.499577522277832,8.755939483642578,7.510573387145996,0.5281385281385281
continual,3,4,ar,hi,enc0,0.4,27,28.671485900878906,29.650514602661133,29.752775955200196,0.9790287017822266,1.0812900543212898,0.0
continual,3,4,ar,hi,enc0,0.5,12,11.23654842376709,29.726863861083984,30.512857341766356,18.490315437316895,19.276308917999266,0.7857142857142857
continual,3,4,ar,hi,enc1,0.15,2164,35.317901611328125,48.30851364135742,37.29625816345215,12.990612030029297,1.9783565521240263,0.8195833333333333
continual,3,4,ar,hi,enc1,0.2,1164,31.285972595214844,42.364784240722656,37.349361419677734,11.078811645507812,6.063388824462891,0.6251621271076524
continual,3,4,ar,hi,enc1,0.25,637,27.160457611083984,40.695213317871094,37.24586563110351,13.53475570678711,10.085408020019528,0.6074660633484162
continual,3,4,ar,hi,enc1,0.3,148,26.137897491455078,38.013973236083984,37.09507942199707,11.876075744628906,10.957181930541992,0.27312775330396477
continual,3,4,ar,hi,enc1,0.4,50,19.865673065185547,37.67523193359375,37.1729097366333,17.809558868408203,17.307236671447754,0.39603960396039606
continual,3,4,ar,hi,enc1,0.5,17,13.243735313415527,37.48838806152344,37.43156213760376,24.24465274810791,24.187826824188235,0.53125
continual,3,4,ar,hi,enc2,0.15,2111,41.101898193359375,55.77714538574219,43.672413444519044,14.675247192382812,2.5705152511596694,0.8249683677773092
continual,3,4,ar,hi,enc2,0.2,1396,37.343772888183594,51.26988220214844,43.6861270904541,13.926109313964844,6.342354202270506,0.6583090379008746
continual,3,4,ar,hi,enc2,0.25,786,33.489933013916016,48.18881607055664,43.6348876953125,14.698883056640625,10.144954681396484,0.5627996164908916
continual,3,4,ar,hi,enc2,0.3,299,29.909221649169922,45.49632263183594,43.371924209594724,15.587100982666016,13.462702560424802,0.4549019607843137
continual,3,4,ar,hi,enc2,0.4,18,19.16764259338379,43.849342346191406,42.41898174285889,24.681699752807617,23.2513391494751,0.0
continual,3,4,ar,hi,enc2,0.5,17,18.36052703857422,43.845035552978516,42.46945095062256,25.484508514404297,24.10892391204834,0.8
continual,3,4,ar,hi,enc3,0.15,2300,46.75701904296875,58.462486267089844,47.94975833892822,11.705467224121094,1.1927392959594698,0.8685162846803377
continual,3,4,ar,hi,enc3,0.2,1688,44.46455383300781,54.68489074707031,47.96754035949707,10.2203369140625,3.5029865264892592,0.6970455683525288
continual,3,4,ar,hi,enc3,0.25,934,42.17538833618164,51.260501861572266,47.778578758239746,9.085113525390625,5.6031904220581055,0.5418950665622553
continual,3,4,ar,hi,enc3,0.3,412,41.787452697753906,49.127079010009766,47.891574668884275,7.339626312255859,6.104121971130368,0.3679092382495948
continual,3,4,ar,hi,enc3,0.4,49,28.918119430541992,48.317161560058594,47.58978080749512,19.3990421295166,18.671661376953125,0.4482758620689655
continual,3,4,ar,hi,enc3,0.5,24,22.224172592163086,48.189273834228516,48.437500953674316,25.96510124206543,26.21332836151123,0.5517241379310345
continual,3,4,ar,hi,dec0,0.15,2249,72.8287124633789,76.8072738647461,73.26028366088867,3.9785614013671875,0.43157119750976847,0.7510105092966856
continual,3,4,ar,hi,dec0,0.2,1363,70.94426727294922,76.00816345214844,73.30334968566895,5.063896179199219,2.3590824127197294,0.4368879216539717
continual,3,4,ar,hi,dec0,0.25,658,67.98704528808594,75.15422821044922,73.14923286437988,7.167182922363281,5.162187576293945,0.2739307535641548
continual,3,4,ar,hi,dec0,0.3,110,67.83169555664062,73.55809020996094,73.52272872924804,5.7263946533203125,5.691033172607419,0.10839160839160839
continual,3,4,ar,hi,dec0,0.4,35,60.19447708129883,73.49386596679688,73.26726303100585,13.299388885498047,13.072785949707026,0.0
continual,3,4,ar,hi,dec0,0.5,22,48.45703887939453,73.5274887084961,73.54546356201172,25.070449829101562,25.088424682617188,0.30434782608695654
continual,3,4,ar,hi,dec1,0.15,1923,78.5508804321289,84.78530883789062,80.07307777404785,6.234428405761719,1.5221973419189396,0.7095435684647303
continual,3,4,ar,hi,dec1,0.2,1147,76.14879608154297,83.31134033203125,80.02934303283692,7.162544250488281,3.880546951293951,0.45654565456545654
continual,3,4,ar,hi,dec1,0.25,617,73.8879623413086,82.07552337646484,79.94029541015625,8.18756103515625,6.052333068847659,0.3071364046973803
continual,3,4,ar,hi,dec1,0.3,264,70.6229476928711,81.192138671875,80.02910652160645,10.569190979003906,9.406158828735357,0.24213075060532688
continual,3,4,ar,hi,dec1,0.4,40,54.84478759765625,80.50309753417969,80.01590499877929,25.658309936523438,25.17111740112304,0.47058823529411764
continual,3,4,ar,hi,dec1,0.5,23,43.6270637512207,80.43286895751953,80.05026435852051,36.80580520629883,36.423200607299805,0.5714285714285714
continual,3,4,ar,hi,dec2,0.15,2088,76.65660858154297,84.88946533203125,78.18726119995117,8.232856750488281,1.5306526184081974,0.780789159027501
continual,3,4,ar,hi,dec2,0.2,1306,74.32138061523438,82.18748474121094,78.24711837768555,7.8661041259765625,3.9257377624511776,0.4891518737672584
continual,3,4,ar,hi,dec2,0.25,784,71.8536605834961,80.96484375,78.06682968139648,9.111183166503906,6.213169097900391,0.35236664162284
continual,3,4,ar,hi,dec2,0.3,399,67.69253540039062,80.10990142822266,78.4464557647705,12.417366027832031,10.75392036437988,0.1948249619482496
continual,3,4,ar,hi,dec2,0.4,44,67.20758819580078,78.3663330078125,77.98978004455566,11.158744812011719,10.782191848754877,0.36764705882352944
continual,3,4,ar,hi,dec2,0.5,22,55.138240814208984,78.37422180175781,78.38483009338378,23.235980987548828,23.2465892791748,0.3076923076923077
continual,3,4,ar,hi,dec3,0.15,2308,64.74785614013672,78.36183166503906,66.10537910461426,13.613975524902344,1.357522964477539,0.8894154818325435
continual,3,4,ar,hi,dec3,0.2,1737,62.01872253417969,74.67643737792969,66.1765251159668,12.65771484375,4.157802581787109,0.6801437556154537
continual,3,4,ar,hi,dec3,0.25,1172,58.59365463256836,72.4160385131836,66.20489387512207,13.822383880615234,7.611239242553708,0.5251362810417929
continual,3,4,ar,hi,dec3,0.3,770,53.93442916870117,71.3160400390625,65.96199188232421,17.381610870361328,12.027562713623041,0.44455544455544455
continual,3,4,ar,hi,dec3,0.4,317,44.65165328979492,69.11754608154297,66.43612747192383,24.465892791748047,21.784474182128903,0.3206997084548105
continual,3,4,ar,hi,dec3,0.5,137,40.447444915771484,67.53773498535156,65.8810899734497,27.090290069580078,25.43364505767822,0.13986013986013987
continual,4,5,hi,zh,enc0,0.15,2328,21.563695907592773,28.901817321777344,22.233085727691652,7.33812141418457,0.6693898200988784,0.8975609756097561
continual,4,5,hi,zh,enc0,0.2,1383,19.506637573242188,25.427204132080078,22.203387832641603,5.920566558837891,2.6967502593994155,0.6853063652587745
continual,4,5,hi,zh,enc0,0.25,690,16.997777938842773,24.158842086791992,22.147572231292724,7.161064147949219,5.1497942924499505,0.6607142857142857
continual,4,5,hi,zh,enc0,0.3,315,15.19653606414795,23.215410232543945,22.252738094329835,8.018874168395996,7.056202030181886,0.5870646766169154
continual,4,5,hi,zh,enc0,0.4,34,12.116495132446289,22.36482048034668,22.1074857711792,10.24832534790039,9.99099063873291,0.0
continual,4,5,hi,zh,enc0,0.5,12,8.633228302001953,22.292741775512695,21.956958866119386,13.659513473510742,13.323730564117433,0.8461538461538461
continual,4,5,hi,zh,enc1,0.15,2156,27.821237564086914,38.42259979248047,29.472172927856445,10.601362228393555,1.6509353637695305,0.8235542422963276
continual,4,5,hi,zh,enc1,0.2,1236,24.819290161132812,33.85851287841797,29.44448575973511,9.039222717285156,4.625195598602296,0.6551724137931034
continual,4,5,hi,zh,enc1,0.25,623,21.298677444458008,32.13022232055664,29.427064418792725,10.831544876098633,8.128386974334717,0.630012936610608
continual,4,5,hi,zh,enc1,0.3,145,18.59354591369629,30.148757934570312,29.6307523727417,11.555212020874023,11.03720645904541,0.5502645502645502
continual,4,5,hi,zh,enc1,0.4,57,14.679323196411133,29.83163833618164,29.244970512390136,15.152315139770508,14.565647315979003,0.5507246376811594
continual,4,5,hi,zh,enc1,0.5,20,11.054665565490723,29.639455795288086,28.707120609283447,18.584790229797363,17.652455043792724,0.85
continual,4,5,hi,zh,enc2,0.15,2150,32.265785217285156,45.10435104370117,34.3208948135376,12.838565826416016,2.055109596252443,0.8178327645051194
continual,4,5,hi,zh,enc2,0.2,1414,28.802799224853516,41.1318244934082,34.28811130523682,12.329025268554688,5.485312080383302,0.6816277678037104
continual,4,5,hi,zh,enc2,0.25,731,25.298280715942383,37.9284782409668,34.30402088165283,12.630197525024414,9.00574016571045,0.5918153200419727
continual,4,5,hi,zh,enc2,0.3,281,22.3397216796875,35.79936981201172,34.09102363586426,13.459648132324219,11.75130195617676,0.5303430079155673
continual,4,5,hi,zh,enc2,0.4,53,15.450907707214355,34.72091293334961,34.34881019592285,19.270005226135254,18.897902488708496,0.26785714285714285
continual,4,5,hi,zh,enc2,0.5,17,10.392671585083008,34.481929779052734,35.43492164611816,24.089258193969727,25.042250061035155,0.7894736842105263
continual,4,5,hi,zh,enc3,0.15,2332,35.90464782714844,47.625301361083984,36.96055603027344,11.720653533935547,1.055908203125,0.8775841102553709
continual,4,5,hi,zh,enc3,0.2,1667,33.42153549194336,43.5324821472168,37.00105953216553,10.110946655273438,3.579524040222168,0.7117346938775511
continual,4,5,hi,zh,enc3,0.25,905,30.80232810974121,40.30942916870117,36.91971626281738,9.507101058959961,6.1173881530761705,0.5731394354148845
continual,4,5,hi,zh,enc3,0.3,381,27.644426345825195,38.57534408569336,36.95582504272461,10.930917739868164,9.311398696899417,0.4712430426716141
continual,4,5,hi,zh,enc3,0.4,30,17.85353660583496,37.17494201660156,36.76988410949707,19.3214054107666,18.91634750366211,0.5192307692307693
continual,4,5,hi,zh,enc3,0.5,20,13.108471870422363,37.136234283447266,37.1909200668335,24.027762413024902,24.082448196411136,0.6296296296296297
continual,4,5,hi,zh,dec0,0.15,2142,57.80580520629883,63.488670349121094,58.72070198059082,5.682865142822266,0.9148967742919893,0.7727089220831651
continual,4,5,hi,zh,dec0,0.2,1362,55.79848098754883,62.07074737548828,58.74683742523193,6.272266387939453,2.9483564376831026,0.5231973169368362
continual,4,5,hi,zh,dec0,0.25,713,53.13615798950195,60.89453887939453,58.609391403198245,7.758380889892578,5.473233413696292,0.35073891625615766
continual,4,5,hi,zh,dec0,0.3,90,43.12165451049805,59.30256652832031,58.79896907806396,16.180912017822266,15.677314567565915,0.06951871657754011
continual,4,5,hi,zh,dec0,0.4,24,34.97954559326172,58.95851135253906,58.110338592529295,23.978965759277344,23.130792999267577,0.0
continual,4,5,hi,zh,dec0,0.5,16,31.588186264038086,58.90443420410156,58.016951942443846,27.316247940063477,26.42876567840576,0.6521739130434783
continual,4,5,hi,zh,dec1,0.15,2006,64.17277526855469,72.95040130615234,66.07068367004395,8.777626037597656,1.8979084014892607,0.7023396880415944
continual,4,5,hi,zh,dec1,0.2,1223,61.67239761352539,70.09706115722656,66.03993721008301,8.424663543701172,4.36753959655762,0.49150409062303335
continual,4,5,hi,zh,dec1,0.25,591,57.82315444946289,68.54830932617188,66.17649383544922,10.725154876708984,8.353339385986331,0.3527435610302352
continual,4,5,hi,zh,dec1,0.3,211,55.018367767333984,67.06523132324219,66.15978775024413,12.046863555908203,11.14141998291015,0.24671916010498687
continual,4,5,hi,zh,dec1,0.4,43,52.40313720703125,66.30581665039062,66.69735069274903,13.902679443359375,14.294213485717776,0.43103448275862066
continual,4,5,hi,zh,dec1,0.5,26,46.1749382019043,66.27645874023438,65.61469383239746,20.101520538330078,19.439755630493167,0.5806451612903226
continual,4,5,hi,zh,dec2,0.15,2011,65.86124420166016,74.71436309814453,67.75192337036133,8.853118896484375,1.890679168701169,0.723717409587889
continual,4,5,hi,zh,dec2,0.2,1249,63.92573165893555,71.41259765625,67.64202308654785,7.486865997314453,3.7162914276123047,0.46083476272155516
continual,4,5,hi,zh,dec2,0.25,629,61.18080520629883,69.90287017822266,67.78785552978516,8.722064971923828,6.607050323486334,0.34699714013346045
continual,4,5,hi,zh,dec2,0.3,241,59.40476608276367,68.62812042236328,67.86383361816407,9.22335433959961,8.459067535400393,0.25244618395303325
continual,4,5,hi,zh,dec2,0.4,55,53.60251235961914,68.07067108154297,68.5004997253418,14.468158721923828,14.897987365722656,0.47761194029850745
continual,4,5,hi,zh,dec2,0.5,41,47.78313064575195,68.08497619628906,67.41942958831787,20.30184555053711,19.636298942565915,0.46511627906976744
continual,4,5,hi,zh,dec3,0.15,2159,62.0394287109375,71.46585083007812,63.47886943817139,9.426422119140625,1.4394407272338867,0.7954180064308681
continual,4,5,hi,zh,dec3,0.2,1477,60.23518753051758,67.99034881591797,63.578493309021,7.755161285400391,3.343305778503421,0.5319351763584366
continual,4,5,hi,zh,dec3,0.25,762,56.110260009765625,66.6545639038086,63.37303638458252,10.544303894042969,7.2627763748168945,0.3255654557916381
continual,4,5,hi,zh,dec3,0.3,341,52.01313781738281,65.28366088867188,63.299682998657225,13.270523071289062,11.286545181274413,0.20238095238095238
continual,4,5,hi,zh,dec3,0.4,29,42.10759735107422,63.76128387451172,63.296342277526854,21.6536865234375,21.188744926452635,0.07120743034055728
continual,4,5,hi,zh,dec3,0.5,16,49.699710845947266,63.602874755859375,64.29916229248047,13.90316390991211,14.599451446533209,0.0
continual,5,6,zh,ar,enc0,0.15,2336,21.334352493286133,28.253108978271484,21.9522554397583,6.918756484985352,0.6179029464721673,0.8974776240846216
continual,5,6,zh,ar,enc0,0.2,1323,18.894800186157227,25.196380615234375,21.928258991241456,6.301580429077148,3.03345880508423,0.6976160602258469
continual,5,6,zh,ar,enc0,0.25,661,16.772199630737305,23.738449096679688,21.91521282196045,6.966249465942383,5.143013191223144,0.6637931034482759
continual,5,6,zh,ar,enc0,0.3,288,14.705060958862305,22.856813430786133,21.877664470672606,8.151752471923828,7.172603511810301,0.5621761658031088
continual,5,6,zh,ar,enc0,0.4,16,11.487762451171875,22.005477905273438,21.674941635131837,10.517715454101562,10.187179183959962,0.0
continual,5,6,zh,ar,enc0,0.5,10,8.034995079040527,21.99427032470703,21.26339101791382,13.959275245666504,13.228395938873291,0.8333333333333334
continual,5,6,zh,ar,enc1,0.15,2167,27.938791275024414,38.7304573059082,29.582451343536377,10.791666030883789,1.643660068511963,0.8171500630517023
continual,5,6,zh,ar,enc1,0.2,1232,24.572654724121094,34.255210876464844,29.633954811096192,9.68255615234375,5.061300086975098,0.6530475552578701
continual,5,6,zh,ar,enc1,0.25,643,21.56990623474121,32.287418365478516,29.538428783416748,10.717512130737305,7.968522548675537,0.6272493573264781
continual,5,6,zh,ar,enc1,0.3,168,19.406991958618164,30.31106185913086,29.82989282608032,10.904069900512695,10.422900867462157,0.5728643216080402
continual,5,6,zh,ar,enc1,0.4,53,13.91082763671875,29.927066802978516,29.41136178970337,16.016239166259766,15.50053415298462,0.6176470588235294
continual,5,6,zh,ar,enc1,0.5,21,12.055444717407227,29.74055290222168,28.767754459381102,17.685108184814453,16.712309741973876,0.782608695652174
continual,5,6,zh,ar,enc2,0.15,2179,32.912940979003906,46.34339141845703,34.93186168670654,13.430450439453125,2.018920707702634,0.8350996184824078
continual,5,6,zh,ar,enc2,0.2,1437,29.357141494750977,42.019527435302734,34.957129287719724,12.662385940551758,5.599987792968747,0.6849881796690307
continual,5,6,zh,ar,enc2,0.25,855,26.386947631835938,39.18668746948242,34.88257007598877,12.799739837646484,8.49562244415283,0.5844155844155844
continual,5,6,zh,ar,enc2,0.3,328,23.036914825439453,36.656822204589844,34.780117416381835,13.61990737915039,11.743202590942381,0.5
continual,5,6,zh,ar,enc2,0.4,54,15.763764381408691,35.324378967285156,34.97760362625122,19.560614585876465,19.213839244842532,0.5070422535211268
continual,5,6,zh,ar,enc2,0.5,14,9.232109069824219,35.052982330322266,35.026577663421634,25.820873260498047,25.794468593597415,0.8235294117647058
continual,5,6,zh,ar,enc3,0.15,2376,39.04999923706055,51.28129196166992,39.9330509185791,12.231292724609375,0.8830516815185518,0.8930438279051065
continual,5,6,zh,ar,enc3,0.2,1769,36.85707473754883,46.79948806762695,39.93757495880127,9.942413330078125,3.080500221252443,0.7137157107231921
continual,5,6,zh,ar,enc3,0.25,1035,34.33795928955078,43.72378158569336,39.93055820465088,9.385822296142578,5.592598915100098,0.5335968379446641
continual,5,6,zh,ar,enc3,0.3,485,32.06303405761719,41.767704010009766,40.0352840423584,9.704669952392578,7.972249984741211,0.45546218487394957
continual,5,6,zh,ar,enc3,0.4,24,18.163286209106445,40.13511276245117,39.801266288757326,21.971826553344727,21.63798007965088,0.5
continual,5,6,zh,ar,enc3,0.5,16,12.288321495056152,40.10296630859375,39.01740188598633,27.814644813537598,26.72908039093018,0.8
continual,5,6,zh,ar,dec0,0.15,2205,57.26585388183594,63.1091423034668,58.076996421813966,5.843288421630859,0.8111425399780288,0.7728384991843393
continual,5,6,zh,ar,dec0,0.2,1397,55.35154342651367,61.34896469116211,58.12198486328125,5.9974212646484375,2.7704414367675767,0.5101258894362343
continual,5,6,zh,ar,dec0,0.25,789,52.894996643066406,60.3844108581543,58.09341239929199,7.489414215087891,5.198415756225586,0.40373831775700936
continual,5,6,zh,ar,dec0,0.3,146,53.7657470703125,58.33685302734375,58.54168510437012,4.57110595703125,4.775938034057617,0.03508771929824561
continual,5,6,zh,ar,dec0,0.4,25,35.778133392333984,58.29605484008789,58.62485256195068,22.517921447753906,22.846719169616698,0.75
continual,5,6,zh,ar,dec0,0.5,8,29.331205368041992,58.166259765625,58.22202415466309,28.835054397583008,28.890818786621097,0.4117647058823529
continual,5,6,zh,ar,dec1,0.15,2160,64.18299865722656,72.26698303222656,65.44528388977051,8.083984375,1.2622852325439453,0.7445561139028476
continual,5,6,zh,ar,dec1,0.2,1511,63.01588821411133,68.9466781616211,65.41938171386718,5.930789947509766,2.4034934997558537,0.5096631695196024
continual,5,6,zh,ar,dec1,0.25,862,60.881309509277344,67.76347351074219,65.49035911560058,6.882164001464844,4.609049606323239,0.3579439252336449
continual,5,6,zh,ar,dec1,0.3,247,54.978271484375,66.56395721435547,65.79787101745606,11.585685729980469,10.81959953308106,0.23450134770889489
continual,5,6,zh,ar,dec1,0.4,45,48.76633071899414,65.74456787109375,65.84096469879151,16.97823715209961,17.07463397979737,0.4426229508196721
continual,5,6,zh,ar,dec1,0.5,24,40.061031341552734,65.68635559082031,65.04642696380616,25.625324249267578,24.98539562225342,0.5625
continual,5,6,zh,ar,dec2,0.15,2353,65.3997802734375,71.98629760742188,65.90459671020508,6.586517333984375,0.5048164367675838,0.7739837398373983
continual,5,6,zh,ar,dec2,0.2,1632,64.74671936035156,68.0174789428711,65.92618217468262,3.2707595825195312,1.1794628143310604,0.5060115002613695
continual,5,6,zh,ar,dec2,0.25,972,64.13224792480469,67.0342025756836,65.86341133117676,2.9019546508789062,1.731163406372076,0.33083956774729845
continual,5,6,zh,ar,dec2,0.3,463,62.544551849365234,66.68037414550781,65.96702919006347,4.135822296142578,3.4224773406982365,0.19322033898305085
continual,5,6,zh,ar,dec2,0.4,43,39.86044692993164,66.37777709960938,65.68792781829833,26.517330169677734,25.827480888366694,0.6065573770491803
continual,5,6,zh,ar,dec2,0.5,34,35.19784164428711,66.34605407714844,65.97300968170165,31.148212432861328,30.775168037414545,0.6666666666666666
continual,5,6,zh,ar,dec3,0.15,2480,63.36327362060547,68.98588562011719,63.529880905151366,5.622611999511719,0.16660728454589702,0.8314251875246743
continual,5,6,zh,ar,dec3,0.2,2091,62.95391082763672,66.1474609375,63.53283519744873,3.1935501098632812,0.5789243698120146,0.5690413368513633
continual,5,6,zh,ar,dec3,0.25,1475,62.60760498046875,64.80514526367188,63.49984645843506,2.197540283203125,0.8922414779663086,0.34596871239470517
continual,5,6,zh,ar,dec3,0.3,886,61.48942184448242,64.6237564086914,63.59596557617188,3.1343345642089844,2.106543731689456,0.2041216879293425
continual,5,6,zh,ar,dec3,0.4,177,60.881874084472656,63.73634338378906,63.48081455230713,2.8544692993164062,2.598940467834474,0.10160427807486631
continual,5,6,zh,ar,dec3,0.5,29,66.41586303710938,63.506011962890625,63.76015357971191,-2.90985107421875,-2.655709457397464,0.0
continual,6,7,ar,hi,enc0,0.15,2319,23.26781463623047,30.82794761657715,23.986178588867187,7.56013298034668,0.718363952636718,0.8892045454545454
continual,6,7,ar,hi,enc0,0.2,1372,20.98033905029297,27.443241119384766,23.961831474304198,6.462902069091797,2.981492424011229,0.6791277258566978
continual,6,7,ar,hi,enc0,0.25,661,18.343101501464844,25.94144630432129,23.95311031341553,7.598344802856445,5.610008811950685,0.6361386138613861
continual,6,7,ar,hi,enc0,0.3,293,16.62483787536621,24.930089950561523,23.826817321777344,8.305252075195312,7.2019794464111335,0.47837150127226463
continual,6,7,ar,hi,enc0,0.4,23,21.478551864624023,24.002201080322266,23.82748498916626,2.523649215698242,2.348933124542235,0.18181818181818182
continual,6,7,ar,hi,enc0,0.5,11,10.07045841217041,24.039552688598633,24.690803050994873,13.969094276428223,14.620344638824463,0.75
continual,6,7,ar,hi,enc1,0.15,2100,30.486413955688477,41.542484283447266,32.445846748352054,11.056070327758789,1.959432792663577,0.8157446808510638
continual,6,7,ar,hi,enc1,0.2,1125,26.364730834960938,37.261802673339844,32.48576030731201,10.897071838378906,6.121029472351076,0.6221610461114935
continual,6,7,ar,hi,enc1,0.25,575,22.684385299682617,35.308555603027344,32.56875133514404,12.624170303344727,9.884366035461426,0.5900783289817232
continual,6,7,ar,hi,enc1,0.3,210,19.293336868286133,33.65081024169922,32.66770610809326,14.357473373413086,13.37436923980713,0.4318181818181818
continual,6,7,ar,hi,enc1,0.4,37,13.172812461853027,32.75608825683594,32.689562225341795,19.58327579498291,19.516749763488768,0.5254237288135594
continual,6,7,ar,hi,enc1,0.5,17,11.131017684936523,32.61572265625,31.736986064910887,21.484704971313477,20.605968379974364,0.7272727272727273
continual,6,7,ar,hi,enc2,0.15,2068,35.962860107421875,50.907005310058594,38.835711288452146,14.944145202636719,2.8728511810302706,0.8134073441502989
continual,6,7,ar,hi,enc2,0.2,1320,31.964736938476562,46.14837646484375,38.789327430725095,14.183639526367188,6.824590492248532,0.6568509615384616
continual,6,7,ar,hi,enc2,0.25,700,28.822978973388672,42.602882385253906,38.9275203704834,13.779903411865234,10.104541397094728,0.5707070707070707
continual,6,7,ar,hi,enc2,0.3,223,25.519668579101562,40.105499267578125,38.77995567321777,14.585830688476562,13.260287094116208,0.42010309278350516
continual,6,7,ar,hi,enc2,0.4,41,19.212514877319336,39.154319763183594,38.90412502288818,19.941804885864258,19.691610145568845,0.5573770491803278
continual,6,7,ar,hi,enc2,0.5,14,13.232014656066895,38.97572326660156,39.12805366516113,25.743708610534668,25.89603900909424,0.8666666666666667
continual,6,7,ar,hi,enc3,0.15,2273,42.289093017578125,55.022098541259766,43.706422996521,12.73300552368164,1.417329978942874,0.8723318566250503
continual,6,7,ar,hi,enc3,0.2,1635,39.9653434753418,50.34714889526367,43.76548099517822,10.381805419921875,3.800137519836426,0.7096936212958312
continual,6,7,ar,hi,enc3,0.25,878,38.39176559448242,46.496116638183594,43.831698417663574,8.104351043701172,5.439932823181152,0.5182539682539683
continual,6,7,ar,hi,enc3,0.3,359,37.64659881591797,44.70663833618164,43.65491065979004,7.060039520263672,6.008311843872072,0.3679092382495948
continual,6,7,ar,hi,enc3,0.4,31,23.185134887695312,43.9682502746582,43.873970413208006,20.78311538696289,20.688835525512694,0.4864864864864865
continual,6,7,ar,hi,enc3,0.5,20,19.493621826171875,43.90731430053711,44.21254043579101,24.413692474365234,24.718918609619138,0.7142857142857143
continual,6,7,ar,hi,dec0,0.15,2256,59.71170425415039,64.83158111572266,60.32850399017334,5.119876861572266,0.6167997360229478,0.7980652962515115
continual,6,7,ar,hi,dec0,0.2,1337,58.08498764038086,62.762699127197266,60.446845054626465,4.677711486816406,2.3618574142456055,0.5021978021978022
continual,6,7,ar,hi,dec0,0.25,592,55.04719161987305,61.90572738647461,60.17287120819092,6.8585357666015625,5.1256795883178725,0.3433852140077821
continual,6,7,ar,hi,dec0,0.3,118,54.56748580932617,60.59764862060547,60.395809745788576,6.030162811279297,5.828323936462404,0.0954356846473029
continual,6,7,ar,hi,dec0,0.4,36,41.45632553100586,60.5887451171875,60.48392238616943,19.13241958618164,19.027596855163573,0.6052631578947368
continual,6,7,ar,hi,dec0,0.5,14,37.47637939453125,60.445308685302734,60.71616916656494,22.968929290771484,23.23978977203369,0.047619047619047616
continual,6,7,ar,hi,dec1,0.15,1903,69.428466796875,77.0652084350586,71.40897560119629,7.636741638183594,1.980508804321289,0.7064258714825703
continual,6,7,ar,hi,dec1,0.2,1080,66.67664337158203,74.82665252685547,71.31239852905273,8.150009155273438,4.635755157470697,0.47972587093089664
continual,6,7,ar,hi,dec1,0.25,600,64.44734954833984,73.51316833496094,71.39840774536133,9.065818786621094,6.9510581970214815,0.3524514338575393
continual,6,7,ar,hi,dec1,0.3,180,66.42447662353516,71.76378631591797,71.26220817565918,5.3393096923828125,4.837731552124026,0.10335917312661498
continual,6,7,ar,hi,dec1,0.4,28,53.712852478027344,71.5838394165039,71.32754707336426,17.870986938476562,17.614694595336914,0.37735849056603776
continual,6,7,ar,hi,dec1,0.5,19,46.00835418701172,71.57814025878906,71.60157470703125,25.569786071777344,25.59322052001953,0.3870967741935484
continual,6,7,ar,hi,dec2,0.15,1952,69.712158203125,77.86001586914062,71.6358543395996,8.147857666015625,1.9236961364746037,0.7400970088924818
continual,6,7,ar,hi,dec2,0.2,1211,68.08419799804688,74.84586334228516,71.74730567932129,6.761665344238281,3.663107681274411,0.49474237644584645
continual,6,7,ar,hi,dec2,0.25,685,65.58024597167969,73.86376953125,71.73470039367676,8.283523559570312,6.154454421997073,0.35375816993464054
continual,6,7,ar,hi,dec2,0.3,388,62.840538024902344,73.22048950195312,71.77518196105957,10.379951477050781,8.93464393615723,0.2588757396449704
continual,6,7,ar,hi,dec2,0.4,34,47.07864761352539,71.97796630859375,71.80928688049316,24.89931869506836,24.73063926696777,0.5098039215686274
continual,6,7,ar,hi,dec2,0.5,23,39.821624755859375,71.93579864501953,70.54366836547851,32.114173889160156,30.722043609619135,0.5
continual,6,7,ar,hi,dec3,0.15,2306,59.11689758300781,71.89527130126953,60.373511505126956,12.778373718261719,1.2566139221191435,0.8887134964483031
continual,6,7,ar,hi,dec3,0.2,1651,56.10420227050781,68.15941619873047,60.436611366271975,12.055213928222656,4.332409095764163,0.6616341030195382
continual,6,7,ar,hi,dec3,0.25,1133,53.119712829589844,66.15299224853516,60.29862823486328,13.033279418945312,7.178915405273436,0.5323149236192715
continual,6,7,ar,hi,dec3,0.3,757,50.09192657470703,64.70625305175781,60.29291000366211,14.614326477050781,10.200983428955077,0.45141342756183744
continual,6,7,ar,hi,dec3,0.4,274,39.67561721801758,62.86695098876953,60.445378112792966,23.191333770751953,20.769760894775388,0.3834355828220859
continual,6,7,ar,hi,dec3,0.5,94,35.492191314697266,61.33361053466797,60.1943323135376,25.841419219970703,24.702140998840335,0.14953271028037382
continual,7,8,hi,zh,enc0,0.15,2307,19.475875854492188,25.12960433959961,20.030398464202882,5.653728485107422,0.5545226097106948,0.8789601949634444
continual,7,8,hi,zh,enc0,0.2,1333,17.631397247314453,22.64546012878418,20.026327991485594,5.014062881469727,2.394930744171141,0.7229299363057324
continual,7,8,hi,zh,enc0,0.25,616,15.419899940490723,21.496898651123047,20.046970558166503,6.076998710632324,4.6270706176757805,0.645618556701031
continual,7,8,hi,zh,enc0,0.3,281,13.49106216430664,20.841442108154297,19.993766117095948,7.350379943847656,6.502703952789307,0.5185185185185185
continual,7,8,hi,zh,enc0,0.4,16,14.319169998168945,20.07056999206543,19.914773178100585,5.751399993896484,5.59560317993164,0.18181818181818182
continual,7,8,hi,zh,enc0,0.5,11,7.2193522453308105,20.08992576599121,19.480362033843996,12.8705735206604,12.261009788513185,0.8333333333333334
continual,7,8,hi,zh,enc1,0.15,2076,26.084592819213867,35.71247863769531,27.924232292175294,9.627885818481445,1.8396394729614265,0.8023305999136815
continual,7,8,hi,zh,enc1,0.2,1124,22.590152740478516,32.06484603881836,27.93735475540161,9.474693298339844,5.347202014923095,0.6524614254224834
continual,7,8,hi,zh,enc1,0.25,567,20.05604362487793,30.137821197509766,27.924271488189696,10.081777572631836,7.868227863311766,0.6175637393767706
continual,7,8,hi,zh,enc1,0.3,181,17.319948196411133,28.710187911987305,27.96309623718262,11.390239715576172,10.643148040771486,0.46441947565543074
continual,7,8,hi,zh,enc1,0.4,35,12.932971000671387,28.112394332885742,27.829913806915282,15.179423332214355,14.896942806243896,0.7142857142857143
continual,7,8,hi,zh,enc1,0.5,18,12.862471580505371,28.011381149291992,27.80877819061279,15.148909568786621,14.94630661010742,0.75
continual,7,8,hi,zh,enc2,0.15,2104,30.73455238342285,44.423377990722656,33.17749519348145,13.688825607299805,2.4429428100585966,0.8139130434782609
continual,7,8,hi,zh,enc2,0.2,1368,27.42450714111328,39.769996643066406,33.24462337493897,12.345489501953125,5.820116233825686,0.660284126003706
continual,7,8,hi,zh,enc2,0.25,670,24.164819717407227,36.366207122802734,33.222167778015134,12.201387405395508,9.057348060607907,0.5747126436781609
continual,7,8,hi,zh,enc2,0.3,231,21.519187927246094,34.3287353515625,33.25401306152344,12.809547424316406,11.734825134277344,0.5183946488294314
continual,7,8,hi,zh,enc2,0.4,44,17.243112564086914,33.45145797729492,33.181061840057374,16.208345413208008,15.93794927597046,0.5454545454545454
continual,7,8,hi,zh,enc2,0.5,14,10.750214576721191,33.29617691040039,32.78672561645508,22.5459623336792,22.036511039733888,1.0
continual,7,8,hi,zh,enc3,0.15,2291,34.39089584350586,46.41791915893555,35.65661144256592,12.027023315429688,1.2657155990600586,0.8727944193680756
continual,7,8,hi,zh,enc3,0.2,1614,31.959871292114258,41.958499908447266,35.604092025756835,9.998628616333008,3.6442207336425767,0.7181385510312004
continual,7,8,hi,zh,enc3,0.25,854,29.460758209228516,38.75526428222656,35.68684768676758,9.294506072998047,6.2260894775390625,0.5603603603603604
continual,7,8,hi,zh,enc3,0.3,229,25.27873420715332,36.67402267456055,35.523037910461426,11.395288467407227,10.244303703308105,0.2782608695652174
continual,7,8,hi,zh,enc3,0.4,24,14.629107475280762,35.85365676879883,35.6938892364502,21.224549293518066,21.064781761169435,0.6176470588235294
continual,7,8,hi,zh,enc3,0.5,19,12.138720512390137,35.83051300048828,36.1258508682251,23.691792488098145,23.987130355834964,0.625
continual,7,8,hi,zh,dec0,0.15,2210,52.12629699707031,56.89541244506836,52.74605846405029,4.769115447998047,0.6197614669799805,0.800080612656187
continual,7,8,hi,zh,dec0,0.2,1371,50.4134635925293,55.50517272949219,52.724158668518065,5.091709136962891,2.310695075988768,0.5334088335220838
continual,7,8,hi,zh,dec0,0.25,751,47.80525588989258,54.842872619628906,52.943523216247556,7.037616729736328,5.138267326354978,0.3634517766497462
continual,7,8,hi,zh,dec0,0.3,242,45.88700485229492,53.49778366088867,52.960321235656735,7.61077880859375,7.073316383361814,0.08761329305135952
continual,7,8,hi,zh,dec0,0.4,39,46.91187286376953,52.86907958984375,53.43569679260254,5.957206726074219,6.523823928833011,0.0
continual,7,8,hi,zh,dec0,0.5,9,55.70138168334961,52.76800537109375,52.472500801086426,-2.9333763122558594,-3.2288808822631836,0.0
continual,7,8,hi,zh,dec1,0.15,1943,59.92299270629883,68.01307678222656,61.930996322631835,8.090084075927734,2.0080036163330064,0.6802096985583224
continual,7,8,hi,zh,dec1,0.2,1182,57.448509216308594,65.6678466796875,61.91451511383057,8.219337463378906,4.466005897521974,0.48230668414154654
continual,7,8,hi,zh,dec1,0.25,469,54.99055480957031,63.41648864746094,61.792931175231935,8.425933837890625,6.8023763656616225,0.3246592317224288
continual,7,8,hi,zh,dec1,0.3,166,53.11103820800781,62.480369567871094,61.72875003814697,9.369331359863281,8.617711830139157,0.2097902097902098
continual,7,8,hi,zh,dec1,0.4,39,50.30778503417969,62.05173873901367,61.30016860961914,11.743953704833984,10.992383575439455,0.45652173913043476
continual,7,8,hi,zh,dec1,0.5,25,48.05854797363281,62.00905990600586,61.56842880249023,13.950511932373047,13.509880828857419,0.5714285714285714
continual,7,8,hi,zh,dec2,0.15,1964,62.457672119140625,71.334716796875,64.5044979095459,8.877044677734375,2.046825790405279,0.6879310344827586
continual,7,8,hi,zh,dec2,0.2,1172,60.338802337646484,68.05855560302734,64.5279312133789,7.719753265380859,4.189128875732422,0.4583843329253366
continual,7,8,hi,zh,dec2,0.25,535,57.730552673339844,66.31927490234375,64.45911922454835,8.588722229003906,6.728566551208502,0.3465783664459161
continual,7,8,hi,zh,dec2,0.3,175,54.00367736816406,65.29631805419922,64.47318611145019,11.292640686035156,10.469508743286127,0.21861471861471862
continual,7,8,hi,zh,dec2,0.4,48,46.26168441772461,64.87333679199219,64.73624744415284,18.611652374267578,18.47456302642823,0.5769230769230769
continual,7,8,hi,zh,dec2,0.5,34,40.28250503540039,64.85065460205078,65.01043472290038,24.56814956665039,24.727929687499994,0.5833333333333334
continual,7,8,hi,zh,dec3,0.15,2129,59.009521484375,67.7148208618164,60.52748050689697,8.705299377441406,1.5179590225219712,0.7890278338039532
continual,7,8,hi,zh,dec3,0.2,1491,57.5416374206543,64.5666732788086,60.39554004669189,7.025035858154297,2.853902626037595,0.5349291646311676
continual,7,8,hi,zh,dec3,0.25,808,54.37066650390625,63.29043960571289,60.45237216949463,8.91977310180664,6.08170566558838,0.36690140845070424
continual,7,8,hi,zh,dec3,0.3,330,49.7335319519043,62.06470489501953,60.581824111938474,12.331172943115234,10.848292160034177,0.20243362831858408
continual,7,8,hi,zh,dec3,0.4,47,55.322509765625,60.571510314941406,60.514511299133304,5.249000549316406,5.192001533508304,0.07
continual,7,8,hi,zh,dec3,0.5,16,37.93482971191406,60.61690139770508,60.44246406555176,22.682071685791016,22.507634353637698,0.0
continual,8,9,zh,ar,enc0,0.15,2313,19.81062889099121,27.931072235107422,20.586554718017577,8.120443344116211,0.7759258270263665,0.8818737270875764
continual,8,9,zh,ar,enc0,0.2,1319,17.645009994506836,23.728595733642578,20.557186317443847,6.083585739135742,2.912176322937011,0.7010904425914047
continual,8,9,zh,ar,enc0,0.25,640,15.468805313110352,22.302566528320312,20.565122985839842,6.833761215209961,5.096317672729491,0.6185567010309279
continual,8,9,zh,ar,enc0,0.3,243,12.949509620666504,21.3958683013916,20.542972087860107,8.446358680725098,7.5934624671936035,0.5735735735735735
continual,8,9,zh,ar,enc0,0.4,20,9.429265975952148,20.682035446166992,20.398047351837157,11.252769470214844,10.968781375885008,0.0
continual,8,9,zh,ar,enc0,0.5,9,10.873706817626953,20.62841796875,20.520973205566406,9.754711151123047,9.647266387939453,0.0
continual,8,9,zh,ar,enc1,0.15,2095,26.91106414794922,37.31381607055664,28.81787223815918,10.402751922607422,1.9068080902099602,0.8111159357359965
continual,8,9,zh,ar,enc1,0.2,1190,23.27559471130371,33.599735260009766,28.82850065231323,10.324140548706055,5.55290594100952,0.6611629576453697
continual,8,9,zh,ar,enc1,0.25,601,20.671133041381836,31.294666290283203,28.826932907104492,10.623533248901367,8.155799865722656,0.5720053835800808
continual,8,9,zh,ar,enc1,0.3,144,17.127933502197266,29.49634552001953,28.752061462402345,12.368412017822266,11.62412796020508,0.3598326359832636
continual,8,9,zh,ar,enc1,0.4,21,12.42390251159668,28.93607521057129,28.241377067565917,16.51217269897461,15.817474555969238,0.5135135135135135
continual,8,9,zh,ar,enc1,0.5,16,10.178886413574219,28.917743682861328,28.73081464767456,18.73885726928711,18.55192823410034,0.7894736842105263
continual,8,9,zh,ar,enc2,0.15,2145,32.21424102783203,45.92134475708008,34.42768459320068,13.707103729248047,2.2134435653686495,0.8165882855921334
continual,8,9,zh,ar,enc2,0.2,1360,28.609634399414062,41.03983688354492,34.4302900314331,12.43020248413086,5.82065563201904,0.6674816625916871
continual,8,9,zh,ar,enc2,0.25,724,25.853843688964844,37.82065200805664,34.37933406829834,11.966808319091797,8.525490379333498,0.561030235162374
continual,8,9,zh,ar,enc2,0.3,239,22.513015747070312,35.664066314697266,34.38785381317139,13.151050567626953,11.874838066101077,0.5161290322580645
continual,8,9,zh,ar,enc2,0.4,33,17.028398513793945,34.66361999511719,34.47989377975464,17.635221481323242,17.451495265960695,0.26229508196721313
continual,8,9,zh,ar,enc2,0.5,12,10.165472030639648,34.550594329833984,35.95608425140381,24.385122299194336,25.79061222076416,0.8571428571428571
continual,8,9,zh,ar,enc3,0.15,2339,38.36394119262695,50.75720977783203,39.441589546203616,12.393268585205078,1.077648353576663,0.876773408998784
continual,8,9,zh,ar,enc3,0.2,1705,36.094207763671875,46.09354019165039,39.45877819061279,9.999332427978516,3.364570426940915,0.6959632089933572
continual,8,9,zh,ar,enc3,0.25,935,33.8834342956543,42.627437591552734,39.41069393157959,8.744003295898438,5.52725963592529,0.5329905741216795
continual,8,9,zh,ar,enc3,0.3,360,32.7881965637207,40.52129364013672,39.37258586883545,7.733097076416016,6.5843893051147475,0.311804008908686
continual,8,9,zh,ar,enc3,0.4,23,34.660606384277344,39.47709655761719,39.66965217590332,4.816490173339844,5.009045791625979,0.0
continual,8,9,zh,ar,enc3,0.5,16,12.8702974319458,39.60089111328125,40.23773880004883,26.73059368133545,27.36744136810303,0.75
continual,8,9,zh,ar,dec0,0.15,2263,54.01493835449219,58.90469741821289,54.59437656402588,4.889759063720703,0.5794382095336914,0.8021756647864625
continual,8,9,zh,ar,dec0,0.2,1404,52.49933624267578,57.11197280883789,54.55803680419922,4.612636566162109,2.0587005615234375,0.5416666666666666
continual,8,9,zh,ar,dec0,0.25,769,50.43146514892578,56.36443328857422,54.67601547241211,5.9329681396484375,4.2445503234863295,0.3843351548269581
continual,8,9,zh,ar,dec0,0.3,143,45.00700759887695,55.148738861083984,54.77394275665283,10.141731262207031,9.766935157775876,0.18461538461538463
continual,8,9,zh,ar,dec0,0.4,22,31.457164764404297,54.782676696777344,54.346506881713864,23.325511932373047,22.889342117309567,0.0
continual,8,9,zh,ar,dec0,0.5,11,68.04219818115234,54.52414321899414,55.40158634185791,-13.518054962158203,-12.640611839294436,0.0
continual,8,9,zh,ar,dec1,0.15,2158,62.20390701293945,70.03523254394531,63.43465118408203,7.831325531005859,1.2307441711425753,0.7377118644067797
continual,8,9,zh,ar,dec1,0.2,1433,60.919010162353516,66.631103515625,63.39342269897461,5.712093353271484,2.474412536621095,0.5265615878575598
continual,8,9,zh,ar,dec1,0.25,823,59.3220329284668,65.38179016113281,63.47934627532959,6.059757232666016,4.157313346862793,0.3116751269035533
continual,8,9,zh,ar,dec1,0.3,197,50.38582992553711,64.52144622802734,63.3003044128418,14.135616302490234,12.914474487304688,0.2736842105263158
continual,8,9,zh,ar,dec1,0.4,36,45.88045120239258,63.68404006958008,64.05150413513184,17.8035888671875,18.171052932739258,0.47058823529411764
continual,8,9,zh,ar,dec1,0.5,16,40.083900451660156,63.58052444458008,63.89693279266358,23.496623992919922,23.81303234100342,0.41379310344827586
continual,8,9,zh,ar,dec2,0.15,2334,63.997802734375,70.37295532226562,64.53800735473632,6.375152587890625,0.5402046203613224,0.7457351746547523
continual,8,9,zh,ar,dec2,0.2,1571,63.39821243286133,66.40705108642578,64.5714111328125,3.008838653564453,1.1731986999511719,0.4747311827956989
continual,8,9,zh,ar,dec2,0.25,889,62.94734573364258,65.41889190673828,64.55351409912109,2.471546173095703,1.60616836547851,0.3172987974098057
continual,8,9,zh,ar,dec2,0.3,459,60.78031921386719,65.38648223876953,64.59733219146729,4.606163024902344,3.8170129776001005,0.22393822393822393
continual,8,9,zh,ar,dec2,0.4,45,39.55406951904297,65.00804138183594,64.67789669036866,25.45397186279297,25.123827171325686,0.6909090909090909
continual,8,9,zh,ar,dec2,0.5,30,33.75325393676758,64.92591094970703,64.84623794555664,31.172657012939453,31.09298400878906,0.6
continual,8,9,zh,ar,dec3,0.15,2484,62.07113265991211,67.37261199951172,62.21874008178711,5.301479339599609,0.14760742187500142,0.8204419889502762
continual,8,9,zh,ar,dec3,0.2,2081,61.76245880126953,64.25328063964844,62.25517654418945,2.4908218383789062,0.4927177429199219,0.5826318121400088
continual,8,9,zh,ar,dec3,0.25,1419,61.4187126159668,63.23562240600586,62.33418960571289,1.8169097900390625,0.9154769897460966,0.36124694376528116
continual,8,9,zh,ar,dec3,0.3,828,59.9697380065918,63.308345794677734,62.36627464294433,3.3386077880859375,2.396536636352536,0.19751809720785937
continual,8,9,zh,ar,dec3,0.4,172,59.6865119934082,62.41160202026367,61.8983190536499,2.7250900268554688,2.2118070602416964,0.0045871559633027525
continual,8,9,zh,ar,dec3,0.5,22,66.4471435546875,62.191951751708984,62.46923427581787,-4.255191802978516,-3.9779092788696317,0.0
continual,9,10,ar,hi,enc0,0.15,2314,22.128087997436523,29.527212142944336,22.84382333755493,7.3991241455078125,0.7157353401184068,0.8908868001634654
continual,9,10,ar,hi,enc0,0.2,1313,19.598648071289062,26.251054763793945,22.83052854537964,6.652406692504883,3.231880474090577,0.6860986547085202
continual,9,10,ar,hi,enc0,0.25,652,17.035226821899414,24.8223876953125,22.785051155090333,7.787160873413086,5.749824333190919,0.6479591836734694
continual,9,10,ar,hi,enc0,0.3,205,15.608296394348145,23.468528747558594,22.984922027587892,7.860232353210449,7.3766256332397475,0.3023255813953488
continual,9,10,ar,hi,enc0,0.4,20,23.34201431274414,22.83513832092285,22.38065423965454,-0.5068759918212891,-0.961360073089601,0.0
continual,9,10,ar,hi,enc0,0.5,13,20.34296226501465,22.851839065551758,23.14542760848999,2.5088768005371094,2.8024653434753404,0.0
continual,9,10,ar,hi,enc1,0.15,2053,30.00848960876465,41.333457946777344,32.30190887451172,11.324968338012695,2.293419265747069,0.8034782608695652
continual,9,10,ar,hi,enc1,0.2,1133,25.956016540527344,37.24970245361328,32.189054584503175,11.293685913085938,6.2330380439758315,0.6475177304964539
continual,9,10,ar,hi,enc1,0.25,451,22.052001953125,34.432456970214844,32.256602954864505,12.380455017089844,10.204601001739505,0.5312954876273653
continual,9,10,ar,hi,enc1,0.3,105,18.63750457763672,32.83362579345703,32.10558614730835,14.196121215820312,13.468081569671632,0.5
continual,9,10,ar,hi,enc1,0.4,19,19.23640251159668,32.34868240356445,31.957777214050292,13.112279891967773,12.721374702453613,0.7391304347826086
continual,9,10,ar,hi,enc1,0.5,14,18.219057083129883,32.32852554321289,32.59013977050781,14.109468460083008,14.371082687377928,0.7647058823529411
continual,9,10,ar,hi,enc2,0.15,2024,35.54270935058594,50.88578414916992,38.780487632751466,15.343074798583984,3.2377782821655288,0.8000863557858376
continual,9,10,ar,hi,enc2,0.2,1273,31.351123809814453,46.078670501708984,38.76295413970947,14.727546691894531,7.411830329895018,0.6580604534005038
continual,9,10,ar,hi,enc2,0.25,611,27.193208694458008,42.3797721862793,38.799900436401366,15.186563491821289,11.606691741943358,0.5577596266044341
continual,9,10,ar,hi,enc2,0.3,197,23.17239761352539,40.05427932739258,38.84602394104004,16.881881713867188,15.673626327514647,0.47297297297297297
continual,9,10,ar,hi,enc2,0.4,16,16.686765670776367,38.893959045410156,38.21468505859375,22.20719337463379,21.527919387817384,0.0
continual,9,10,ar,hi,enc2,0.5,12,11.874797821044922,38.88176345825195,36.74249477386475,27.00696563720703,24.867696952819827,1.0
continual,9,10,ar,hi,enc3,0.15,2240,42.216793060302734,54.0990104675293,43.70984573364258,11.882217407226562,1.4930526733398466,0.8659331703341483
continual,9,10,ar,hi,enc3,0.2,1552,39.84286880493164,49.64400863647461,43.71445236206055,9.801139831542969,3.8715835571289077,0.6823347107438017
continual,9,10,ar,hi,enc3,0.25,865,38.590423583984375,46.310665130615234,43.48329658508301,7.720241546630859,4.892873001098636,0.5267175572519084
continual,9,10,ar,hi,enc3,0.3,307,38.175724029541016,44.45510482788086,43.614169883728025,6.279380798339844,5.438445854187009,0.3001949317738791
continual,9,10,ar,hi,enc3,0.4,29,21.333412170410156,43.95836639404297,44.43045063018799,22.624954223632812,23.097038459777835,0.0
continual,9,10,ar,hi,enc3,0.5,19,17.687929153442383,43.896583557128906,42.575416564941406,26.208654403686523,24.887487411499023,0.5909090909090909
continual,9,10,ar,hi,dec0,0.15,2246,55.6780891418457,60.34455490112305,56.24037265777588,4.666465759277344,0.5622835159301758,0.8086642599277978
continual,9,10,ar,hi,dec0,0.2,1320,54.18162536621094,58.45276641845703,56.14324588775635,4.271141052246094,1.961620521545413,0.48285247686445293
continual,9,10,ar,hi,dec0,0.25,522,51.738407135009766,57.406150817871094,56.33210639953613,5.667743682861328,4.593699264526364,0.3281893004115226
continual,9,10,ar,hi,dec0,0.3,111,44.07379150390625,56.802364349365234,56.23205966949463,12.728572845458984,12.158268165588382,0.14414414414414414
continual,9,10,ar,hi,dec0,0.4,31,40.81150817871094,56.4397087097168,55.54959964752197,15.62820053100586,14.738091468811035,0.5588235294117647
continual,9,10,ar,hi,dec0,0.5,13,51.95247268676758,56.272396087646484,55.4447244644165,4.319923400878906,3.4922517776489244,0.0
continual,9,10,ar,hi,dec1,0.15,1833,67.92166900634766,74.124267578125,69.75307769775391,6.202598571777344,1.8314086914062528,0.6882402707275804
continual,9,10,ar,hi,dec1,0.2,1027,65.16860961914062,72.7074966430664,69.71519393920899,7.538887023925781,4.546584320068362,0.48461074230537116
continual,9,10,ar,hi,dec1,0.25,554,63.66090393066406,71.34626770019531,69.51771240234375,7.68536376953125,5.856808471679685,0.35
continual,9,10,ar,hi,dec1,0.3,171,65.21656036376953,70.0028076171875,69.71918716430665,4.786247253417969,4.502626800537115,0.1536050156739812
continual,9,10,ar,hi,dec1,0.4,31,55.756736755371094,69.85382080078125,70.57691307067871,14.097084045410156,14.82017631530762,0.3673469387755102
continual,9,10,ar,hi,dec1,0.5,16,48.97996139526367,69.81332397460938,69.97970314025879,20.833362579345703,20.99974174499512,0.5238095238095238
continual,9,10,ar,hi,dec2,0.15,1912,68.21028900146484,77.1434097290039,70.5258358001709,8.933120727539062,2.315546798706052,0.7330612244897959
continual,9,10,ar,hi,dec2,0.2,1102,66.58317565917969,73.4103775024414,70.47787704467774,6.827201843261719,3.8947013854980526,0.46626439934174435
continual,9,10,ar,hi,dec2,0.25,634,64.42353057861328,72.46234893798828,70.38402709960937,8.038818359375,5.960496520996088,0.357397504456328
continual,9,10,ar,hi,dec2,0.3,188,72.70623779296875,70.29435729980469,70.72771072387695,-2.4118804931640625,-1.9785270690917969,0.14513274336283186
continual,9,10,ar,hi,dec2,0.4,29,43.11962127685547,70.78488159179688,69.92634925842285,27.665260314941406,26.806727981567377,0.574468085106383
continual,9,10,ar,hi,dec2,0.5,20,37.25173568725586,70.7330551147461,71.17107238769532,33.481319427490234,33.91933670043946,0.5151515151515151
continual,9,10,ar,hi,dec3,0.15,2304,57.77970504760742,70.74891662597656,59.07251873016357,12.96921157836914,1.292813682556151,0.8887573964497042
continual,9,10,ar,hi,dec3,0.2,1669,55.271175384521484,66.20491790771484,59.15568828582764,10.93374252319336,3.8845129013061523,0.6592920353982301
continual,9,10,ar,hi,dec3,0.25,1122,52.098350524902344,64.52143096923828,59.11324195861816,12.423080444335938,7.0148914337158175,0.5316455696202531
continual,9,10,ar,hi,dec3,0.3,685,46.03200912475586,63.84225845336914,59.057163047790525,17.81024932861328,13.025153923034665,0.4464627151051625
continual,9,10,ar,hi,dec3,0.4,268,38.5992317199707,61.471012115478516,58.99870262145996,22.871780395507812,20.39947090148926,0.41025641025641024
continual,9,10,ar,hi,dec3,0.5,107,35.69389343261719,60.09657669067383,58.823934364318845,24.40268325805664,23.130040931701657,0.15178571428571427
continual,10,11,hi,zh,enc0,0.15,2285,18.822891235351562,24.076547622680664,19.388761043548584,5.253656387329102,0.5658698081970215,0.8840639082343302
continual,10,11,hi,zh,enc0,0.2,1307,16.82999038696289,22.054716110229492,19.377248287200928,5.224725723266602,2.547257900238037,0.6925064599483204
continual,10,11,hi,zh,enc0,0.25,646,14.71868896484375,20.96294593811035,19.314004039764406,6.244256973266602,4.595315074920656,0.6967320261437908
continual,10,11,hi,zh,enc0,0.3,213,13.011625289916992,19.965862274169922,19.32612476348877,6.95423698425293,6.314499473571779,0.33974358974358976
continual,10,11,hi,zh,enc0,0.4,22,10.407698631286621,19.465085983276367,19.273753070831297,9.057387351989746,8.866054439544676,0.0
continual,10,11,hi,zh,enc0,0.5,11,10.090675354003906,19.427366256713867,19.248084545135498,9.336690902709961,9.157409191131592,0.0
continual,10,11,hi,zh,enc1,0.15,2024,25.836341857910156,35.55584716796875,27.883924961090088,9.719505310058594,2.0475831031799316,0.8047808764940239
continual,10,11,hi,zh,enc1,0.2,1137,22.485443115234375,32.17479705810547,27.914433765411378,9.689353942871094,5.428990650177003,0.6617862371888726
continual,10,11,hi,zh,enc1,0.25,555,20.055084228515625,30.034969329833984,27.899310684204103,9.97988510131836,7.844226455688478,0.5265553869499241
continual,10,11,hi,zh,enc1,0.3,137,17.67572593688965,28.447837829589844,28.07571487426758,10.772111892700195,10.39998893737793,0.5220125786163522
continual,10,11,hi,zh,enc1,0.4,20,18.399431228637695,27.945945739746094,28.024206733703615,9.546514511108398,9.62477550506592,0.6956521739130435
continual,10,11,hi,zh,enc1,0.5,14,13.942232131958008,27.94795799255371,28.631292152404786,14.005725860595703,14.689060020446778,0.75
continual,10,11,hi,zh,enc2,0.15,2047,30.6140079498291,44.65746307373047,33.40276889801025,14.043455123901367,2.7887609481811495,0.8053215077605321
continual,10,11,hi,zh,enc2,0.2,1275,26.82457160949707,39.980411529541016,33.417952156066896,13.155839920043945,6.593380546569826,0.665359477124183
continual,10,11,hi,zh,enc2,0.25,634,23.748695373535156,36.614479064941406,33.44391651153565,12.86578369140625,9.695221138000491,0.5961538461538461
continual,10,11,hi,zh,enc2,0.3,192,21.132638931274414,34.42512130737305,33.17633838653565,13.292482376098633,12.043699455261233,0.5942622950819673
continual,10,11,hi,zh,enc2,0.4,16,16.07086944580078,33.537349700927734,34.668409729003905,17.466480255126953,18.597540283203124,0.6
continual,10,11,hi,zh,enc2,0.5,12,11.041476249694824,33.53361892700195,32.1621898651123,22.49214267730713,21.12071361541748,1.0
continual,10,11,hi,zh,enc3,0.15,2244,34.64183044433594,46.571372985839844,36.14499454498291,11.929542541503906,1.5031641006469698,0.8467874794069192
continual,10,11,hi,zh,enc3,0.2,1562,31.958715438842773,42.618553161621094,36.14858283996582,10.65983772277832,4.1898674011230455,0.6988543371522095
continual,10,11,hi,zh,enc3,0.25,771,29.28364372253418,39.05821228027344,36.08842086791992,9.774568557739258,6.804777145385742,0.5670498084291188
continual,10,11,hi,zh,enc3,0.3,197,26.80274200439453,36.890682220458984,35.83228874206543,10.087940216064453,9.029546737670898,0.29896907216494845
continual,10,11,hi,zh,enc3,0.4,23,15.76773738861084,36.29884338378906,36.982716178894044,20.531105995178223,21.214978790283205,0.6774193548387096
continual,10,11,hi,zh,enc3,0.5,16,11.247386932373047,36.27077865600586,36.20201473236084,25.023391723632812,24.95462779998779,0.6666666666666666
continual,10,11,hi,zh,dec0,0.15,2203,50.442657470703125,54.28316116333008,50.98923397064209,3.840503692626953,0.5465764999389648,0.8070674248578391
continual,10,11,hi,zh,dec0,0.2,1355,48.693485260009766,53.54738235473633,50.98826789855957,4.8538970947265625,2.2947826385498047,0.5002804262478968
continual,10,11,hi,zh,dec0,0.25,751,45.88877487182617,53.09109115600586,50.88802013397217,7.2023162841796875,4.9992452621459975,0.37029063509149623
continual,10,11,hi,zh,dec0,0.3,190,41.995826721191406,51.69833755493164,50.80609340667725,9.702510833740234,8.810266685485843,0.19444444444444445
continual,10,11,hi,zh,dec0,0.4,24,37.890960693359375,51.102081298828125,50.26954231262207,13.21112060546875,12.378581619262697,0.4473684210526316
continual,10,11,hi,zh,dec0,0.5,10,53.299171447753906,50.9691276550293,52.864047813415525,-2.3300437927246094,-0.43512363433838175,0.0
continual,10,11,hi,zh,dec1,0.15,1919,58.95459747314453,67.33198547363281,61.048302268981935,8.377388000488281,2.0937047958374038,0.6742525658188309
continual,10,11,hi,zh,dec1,0.2,1111,56.095638275146484,64.85260772705078,61.05644264221191,8.756969451904297,4.960804367065428,0.4806094182825485
continual,10,11,hi,zh,dec1,0.25,502,52.37059020996094,63.16989517211914,61.118327140808105,10.799304962158203,8.747736930847168,0.4251012145748988
continual,10,11,hi,zh,dec1,0.3,177,51.2551155090332,61.779911041259766,60.95523204803467,10.524795532226562,9.700116539001463,0.21678321678321677
continual,10,11,hi,zh,dec1,0.4,35,48.530216217041016,61.225791931152344,60.93035106658935,12.695575714111328,12.400134849548337,0.5
continual,10,11,hi,zh,dec1,0.5,22,50.65348434448242,61.14236068725586,61.57277641296387,10.488876342773438,10.919292068481447,0.35714285714285715
continual,10,11,hi,zh,dec2,0.15,1932,61.781898498535156,70.43445587158203,63.92526798248291,8.652557373046875,2.143369483947751,0.6859649122807018
continual,10,11,hi,zh,dec2,0.2,1093,59.54634475708008,67.15153503417969,63.91425819396973,7.605190277099609,4.367913436889651,0.43745907007203666
continual,10,11,hi,zh,dec2,0.25,451,55.93879699707031,65.60790252685547,63.677212142944335,9.669105529785156,7.738415145874022,0.32965686274509803
continual,10,11,hi,zh,dec2,0.3,167,53.14609909057617,64.65526580810547,64.06471843719483,11.509166717529297,10.918619346618655,0.17549668874172186
continual,10,11,hi,zh,dec2,0.4,44,45.473289489746094,64.22679901123047,63.829643440246585,18.753509521484375,18.35635395050049,0.6222222222222222
continual,10,11,hi,zh,dec2,0.5,31,41.221763610839844,64.1825180053711,63.264715576171874,22.96075439453125,22.04295196533203,0.5454545454545454
continual,10,11,hi,zh,dec3,0.15,2121,58.752384185791016,67.46306610107422,60.24221420288086,8.710681915283203,1.4898300170898438,0.7893247068338051
continual,10,11,hi,zh,dec3,0.2,1403,56.96722412109375,64.22219848632812,60.22378215789795,7.254974365234375,3.2565580368042006,0.508100147275405
continual,10,11,hi,zh,dec3,0.25,728,53.7011833190918,62.84696578979492,60.30929393768311,9.145782470703125,6.608110618591311,0.35829662261380324
continual,10,11,hi,zh,dec3,0.3,298,49.47727584838867,61.66484451293945,59.980922317504884,12.187568664550781,10.503646469116212,0.19151515151515153
continual,10,11,hi,zh,dec3,0.4,41,40.736083984375,60.56368637084961,60.13366298675537,19.82760238647461,19.39757900238037,0.13602941176470587
continual,10,11,hi,zh,dec3,0.5,17,38.09093475341797,60.39424133300781,60.7070276260376,22.303306579589844,22.61609287261963,0.0
continual,11,12,zh,ar,enc0,0.15,2284,19.155147552490234,25.3287410736084,19.829260540008544,6.173593521118164,0.6741129875183098,0.8740771123872026
continual,11,12,zh,ar,enc0,0.2,1265,16.938438415527344,22.636268615722656,19.828047275543213,5.6978302001953125,2.889608860015869,0.6999339061467283
continual,11,12,zh,ar,enc0,0.25,638,14.924375534057617,21.446067810058594,19.815867519378664,6.521692276000977,4.891491985321046,0.7097203728362184
continual,11,12,zh,ar,enc0,0.3,73,12.79747200012207,20.02688980102539,19.920433044433594,7.22941780090332,7.122961044311523,0.24890829694323144
continual,11,12,zh,ar,enc0,0.4,15,8.756970405578613,19.885948181152344,20.686786651611328,11.12897777557373,11.929816246032715,0.6086956521739131
continual,11,12,zh,ar,enc0,0.5,11,7.331502437591553,19.874635696411133,19.375038719177248,12.54313325881958,12.043536281585695,0.4666666666666667
continual,11,12,zh,ar,enc1,0.15,2070,26.401790618896484,37.39134216308594,28.501109790802,10.989551544189453,2.099319171905517,0.8091029606716748
continual,11,12,zh,ar,enc1,0.2,1197,23.09237289428711,33.2589111328125,28.490878105163574,10.16653823852539,5.398505210876465,0.6553191489361702
continual,11,12,zh,ar,enc1,0.25,418,19.446928024291992,30.272945404052734,28.496721172332762,10.826017379760742,9.04979314804077,0.49922958397534667
continual,11,12,zh,ar,enc1,0.3,164,16.94362449645996,29.296619415283203,28.721991539001465,12.352994918823242,11.778367042541504,0.4265402843601896
continual,11,12,zh,ar,enc1,0.4,20,12.345285415649414,28.63250160217285,28.5200608253479,16.287216186523438,16.174775409698487,0.8181818181818182
continual,11,12,zh,ar,enc1,0.5,14,9.834495544433594,28.607927322387695,28.7609881401062,18.7734317779541,18.926492595672606,0.75
continual,11,12,zh,ar,enc2,0.15,2131,32.33296585083008,46.46983337402344,34.69588012695313,14.13686752319336,2.3629142761230497,0.8196864111498258
continual,11,12,zh,ar,enc2,0.2,1318,28.637805938720703,41.13725662231445,34.74334983825683,12.49945068359375,6.10554389953613,0.6267252195734002
continual,11,12,zh,ar,enc2,0.25,583,25.1001033782959,37.53350067138672,34.748586082458495,12.43339729309082,9.648482704162596,0.5662805662805663
continual,11,12,zh,ar,enc2,0.3,205,21.87087059020996,35.81892776489258,34.63241767883301,13.948057174682617,12.761547088623047,0.41785714285714287
continual,11,12,zh,ar,enc2,0.4,14,18.859771728515625,34.78910446166992,33.869419765472415,15.929332733154297,15.00964803695679,0.07142857142857142
continual,11,12,zh,ar,enc2,0.5,9,10.973950386047363,34.78570556640625,34.24877738952637,23.811755180358887,23.274827003479004,0.75
continual,11,12,zh,ar,enc3,0.15,2344,38.51707077026367,50.93894577026367,39.55387554168701,12.421875,1.0368047714233413,0.8642828118650955
continual,11,12,zh,ar,enc3,0.2,1635,36.112342834472656,45.66825866699219,39.48898277282715,9.555915832519531,3.3766399383544936,0.6835176408636124
continual,11,12,zh,ar,enc3,0.25,874,34.15123748779297,42.371673583984375,39.50944480895996,8.220436096191406,5.358207321166994,0.525974025974026
continual,11,12,zh,ar,enc3,0.3,175,27.820173263549805,40.42695236206055,39.58403339385986,12.606779098510742,11.763860130310057,0.4090909090909091
continual,11,12,zh,ar,enc3,0.4,23,17.706907272338867,39.763328552246094,40.15951442718506,22.056421279907227,22.45260715484619,0.5862068965517241
continual,11,12,zh,ar,enc3,0.5,16,12.441128730773926,39.73575210571289,39.959418869018556,27.294623374938965,27.51829013824463,0.8823529411764706
continual,11,12,zh,ar,dec0,0.15,2262,52.78290939331055,55.83334732055664,53.14646453857422,3.0504379272460938,0.3635551452636747,0.8069607446377984
continual,11,12,zh,ar,dec0,0.2,1433,51.2887077331543,55.489402770996094,53.154807472229,4.200695037841797,1.8660997390747056,0.5276712328767124
continual,11,12,zh,ar,dec0,0.25,769,49.625030517578125,54.64635467529297,53.20259399414063,5.021324157714844,3.577563476562503,0.39321723189734187
continual,11,12,zh,ar,dec0,0.3,88,48.369842529296875,53.307743072509766,53.44250411987305,4.937900543212891,5.072661590576175,0.018315018315018316
continual,11,12,zh,ar,dec0,0.4,30,49.64309310913086,53.179439544677734,52.727422904968265,3.536346435546875,3.084329795837405,0.0
continual,11,12,zh,ar,dec0,0.5,11,68.6805419921875,53.070926666259766,53.08583221435547,-15.609615325927734,-15.59470977783203,0.0
continual,11,12,zh,ar,dec1,0.15,2109,61.5620002746582,69.10224914550781,62.88406944274902,7.540248870849609,1.3220691680908203,0.7422145328719724
continual,11,12,zh,ar,dec1,0.2,1419,60.09578323364258,66.3658676147461,62.85825119018555,6.270084381103516,2.76246795654297,0.4908662345315262
continual,11,12,zh,ar,dec1,0.25,763,58.80173873901367,64.62640380859375,62.83560295104981,5.824665069580078,4.033864212036136,0.3443145589798087
continual,11,12,zh,ar,dec1,0.3,118,57.94071960449219,63.129554748535156,63.30213165283203,5.188835144042969,5.361412048339844,0.07272727272727272
continual,11,12,zh,ar,dec1,0.4,32,43.2841682434082,63.1385612487793,62.38666210174561,19.854393005371094,19.102493858337404,0.5227272727272727
continual,11,12,zh,ar,dec1,0.5,14,37.02761459350586,63.032588958740234,62.3101282119751,26.004974365234375,25.28251361846924,0.44
continual,11,12,zh,ar,dec2,0.15,2287,63.6237907409668,69.2059326171875,64.23243980407715,5.582141876220703,0.6086490631103487,0.7405115511551155
continual,11,12,zh,ar,dec2,0.2,1476,63.06442642211914,65.79126739501953,64.21440353393555,2.7268409729003906,1.149977111816412,0.4505928853754941
continual,11,12,zh,ar,dec2,0.25,885,62.40900421142578,65.1754379272461,64.30146923065186,2.7664337158203125,1.89246501922608,0.3136676499508358
continual,11,12,zh,ar,dec2,0.3,457,61.03337860107422,64.9113540649414,64.26885147094727,3.8779754638671875,3.2354728698730497,0.1931166347992352
continual,11,12,zh,ar,dec2,0.4,40,37.788368225097656,64.63860321044922,64.5057762145996,26.850234985351562,26.71740798950195,0.7142857142857143
continual,11,12,zh,ar,dec2,0.5,31,34.035465240478516,64.58905029296875,64.02453479766845,30.553585052490234,29.989069557189936,0.55
continual,11,12,zh,ar,dec3,0.15,2478,61.570777893066406,67.34982299804688,61.762115478515625,5.779045104980469,0.19133758544921875,0.8156336360047375
continual,11,12,zh,ar,dec3,0.2,2042,61.21726608276367,63.87919235229492,61.728650856018064,2.66192626953125,0.5113847732543917,0.5560072267389341
continual,11,12,zh,ar,dec3,0.25,1413,60.8963737487793,62.814735412597656,61.72331924438477,1.9183616638183594,0.8269454956054716,0.3473882945248584
continual,11,12,zh,ar,dec3,0.3,799,58.8054084777832,63.094581604003906,61.7172607421875,4.289173126220703,2.9118522644042955,0.20285087719298245
continual,11,12,zh,ar,dec3,0.4,175,58.022377014160156,62.02983474731445,61.28339672088623,4.007457733154297,3.261019706726074,0.16756756756756758
continual,11,12,zh,ar,dec3,0.5,22,63.01439666748047,61.74497604370117,62.2728967666626,-1.2694206237792969,-0.7414999008178711,0.0
continual,12,13,ar,hi,enc0,0.15,2281,20.924339294433594,27.252355575561523,21.63099956512451,6.32801628112793,0.706660270690918,0.8762844225236334
continual,12,13,ar,hi,enc0,0.2,1321,18.73943519592285,24.678796768188477,21.579014396667482,5.939361572265625,2.8395792007446303,0.6946264744429882
continual,12,13,ar,hi,enc0,0.25,625,16.45351791381836,23.28081512451172,21.59397382736206,6.827297210693359,5.1404559135437005,0.7372764786795049
continual,12,13,ar,hi,enc0,0.3,277,15.760910987854004,22.324159622192383,21.565228176116943,6.563248634338379,5.804317188262939,0.1945392491467577
continual,12,13,ar,hi,enc0,0.4,15,20.9783992767334,21.617740631103516,21.69692220687866,0.6393413543701172,0.7185229301452623,0.0
continual,12,13,ar,hi,enc0,0.5,11,18.274944305419922,21.62840461730957,21.542892837524413,3.3534603118896484,3.2679485321044908,0.0
continual,12,13,ar,hi,enc1,0.15,2042,28.84586524963379,40.675716400146484,31.223388671875,11.829851150512695,2.377523422241211,0.8074725274725275
continual,12,13,ar,hi,enc1,0.2,1097,24.874784469604492,36.012054443359375,31.196868991851808,11.137269973754883,6.322084522247316,0.6468054558506819
continual,12,13,ar,hi,enc1,0.25,497,21.657028198242188,33.548099517822266,31.160351276397705,11.891071319580078,9.503323078155518,0.4477848101265823
continual,12,13,ar,hi,enc1,0.3,175,18.5175724029541,32.17304229736328,31.160413837432863,13.65546989440918,12.642841434478761,0.5339366515837104
continual,12,13,ar,hi,enc1,0.4,15,18.82767677307129,31.312715530395508,31.33113536834717,12.485038757324219,12.50345859527588,0.6666666666666666
continual,12,13,ar,hi,enc1,0.5,13,19.23027229309082,31.300859451293945,31.094470691680907,12.070587158203125,11.864198398590087,0.6875
continual,12,13,ar,hi,enc2,0.15,2064,35.43613815307617,50.642921447753906,38.35630226135254,15.206783294677734,2.920164108276367,0.8027503223033949
continual,12,13,ar,hi,enc2,0.2,1246,31.318635940551758,45.08071517944336,38.38713626861572,13.762079238891602,7.068500328063962,0.6227848101265823
continual,12,13,ar,hi,enc2,0.25,542,27.43657875061035,41.32232666015625,38.25272827148437,13.885747909545898,10.81614952087402,0.5080428954423593
continual,12,13,ar,hi,enc2,0.3,184,24.0854549407959,39.489627838134766,38.766834831237794,15.404172897338867,14.681379890441896,0.4354243542435424
continual,12,13,ar,hi,enc2,0.4,26,21.493545532226562,38.55573654174805,38.83905658721924,17.062191009521484,17.345511054992677,0.02564102564102564
continual,12,13,ar,hi,enc2,0.5,9,12.154755592346191,38.47498321533203,38.201140785217284,26.32022762298584,26.046385192871092,0.8
continual,12,13,ar,hi,enc3,0.15,2237,41.8879280090332,54.5546989440918,43.487626266479495,12.666770935058594,1.599698257446292,0.8637103336045565
continual,12,13,ar,hi,enc3,0.2,1534,39.592105865478516,49.308162689208984,43.47266540527344,9.716056823730469,3.8805595397949233,0.6548302872062663
continual,12,13,ar,hi,enc3,0.25,812,38.610286712646484,45.751094818115234,43.522124481201175,7.14080810546875,4.91183776855469,0.5
continual,12,13,ar,hi,enc3,0.3,83,32.19048309326172,43.86461639404297,43.31662559509277,11.67413330078125,11.126142501831055,0.2835820895522388
continual,12,13,ar,hi,enc3,0.4,29,23.737314224243164,43.712398529052734,43.81870460510254,19.97508430480957,20.081390380859375,0.5294117647058824
continual,12,13,ar,hi,enc3,0.5,19,20.313467025756836,43.65938949584961,43.66429443359375,23.345922470092773,23.350827407836917,0.75
continual,12,13,ar,hi,dec0,0.15,2237,52.11663818359375,56.80312728881836,52.699906539916995,4.686489105224609,0.583268356323245,0.8097345132743363
continual,12,13,ar,hi,dec0,0.2,1262,50.89717483520508,54.46848678588867,52.74918270111084,3.5713119506835938,1.8520078659057617,0.4914222468179303
continual,12,13,ar,hi,dec0,0.25,547,49.575504302978516,53.55913162231445,52.76360397338867,3.9836273193359375,3.1880996704101534,0.3319838056680162
continual,12,13,ar,hi,dec0,0.3,185,47.613555908203125,53.10477066040039,52.81772518157959,5.491214752197266,5.204169273376465,0.10080645161290322
continual,12,13,ar,hi,dec0,0.4,28,38.73504638671875,52.86246109008789,52.620240211486816,14.12741470336914,13.885193824768066,0.0
continual,12,13,ar,hi,dec0,0.5,16,30.508224487304688,52.847557067871094,52.590555572509764,22.339332580566406,22.082331085205077,0.0
continual,12,13,ar,hi,dec1,0.15,1850,65.93658447265625,72.61186218261719,67.79444580078125,6.6752777099609375,1.8578613281249972,0.6839642705231816
continual,12,13,ar,hi,dec1,0.2,1054,63.15178680419922,71.03260803222656,67.8088150024414,7.880821228027344,4.6570281982421875,0.4676557863501484
continual,12,13,ar,hi,dec1,0.25,473,61.778472900390625,69.14991760253906,67.7302116394043,7.3714447021484375,5.951738739013678,0.2834890965732087
continual,12,13,ar,hi,dec1,0.3,109,70.05962371826172,67.68689727783203,67.4795467376709,-2.3727264404296875,-2.5800769805908175,0.05092592592592592
continual,12,13,ar,hi,dec1,0.4,29,54.5880126953125,67.93916320800781,67.30919036865234,13.351150512695312,12.721177673339838,0.32608695652173914
continual,12,13,ar,hi,dec1,0.5,15,46.785728454589844,67.9117202758789,68.06520195007325,21.125991821289062,21.2794734954834,0.45
continual,12,13,ar,hi,dec2,0.15,1864,66.778076171875,75.7413558959961,69.17231369018555,8.963279724121094,2.394237518310547,0.7131654973173751
continual,12,13,ar,hi,dec2,0.2,1073,65.61372375488281,71.81358337402344,69.20211448669434,6.199859619140625,3.588390731811529,0.4632606199770379
continual,12,13,ar,hi,dec2,0.25,621,63.9260139465332,70.90885925292969,69.28071098327636,6.982845306396484,5.354697036743161,0.353099730458221
continual,12,13,ar,hi,dec2,0.3,298,61.13481903076172,70.27947235107422,69.21494674682617,9.1446533203125,8.080127716064453,0.27104377104377103
continual,12,13,ar,hi,dec2,0.4,36,54.0760498046875,69.43090057373047,69.630326461792,15.354850769042969,15.554276657104495,0.49019607843137253
continual,12,13,ar,hi,dec2,0.5,22,40.567970275878906,69.46328735351562,69.14507865905762,28.89531707763672,28.57710838317871,0.5588235294117647
continual,12,13,ar,hi,dec3,0.15,2294,56.592796325683594,69.48036193847656,57.948059272766116,12.887565612792969,1.3552629470825224,0.8906497622820919
continual,12,13,ar,hi,dec3,0.2,1632,53.957523345947266,64.92131805419922,57.9982967376709,10.963794708251953,4.040773391723633,0.6609403254972875
continual,12,13,ar,hi,dec3,0.25,1117,51.00922393798828,63.29061508178711,58.11924495697021,12.281391143798828,7.110021018981932,0.5398660986001217
continual,12,13,ar,hi,dec3,0.3,770,48.685829162597656,61.90925216674805,58.12369995117187,13.22342300415039,9.437870788574216,0.48158640226628896
continual,12,13,ar,hi,dec3,0.4,275,38.13775634765625,60.31412887573242,58.10161724090576,22.176372528076172,19.96386089324951,0.4195583596214511
continual,12,13,ar,hi,dec3,0.5,123,35.2303466796875,59.07769012451172,58.0490047454834,23.84734344482422,22.8186580657959,0.14173228346456693
continual,13,14,hi,zh,enc0,0.15,2261,17.932641983032227,23.861753463745117,18.62811622619629,5.929111480712891,0.6954742431640639,0.8768595041322315
continual,13,14,hi,zh,enc0,0.2,1241,15.947745323181152,21.144208908081055,18.63258409500122,5.196463584899902,2.6848387718200684,0.6811023622047244
continual,13,14,hi,zh,enc0,0.25,593,14.0277099609375,20.01114845275879,18.614155578613282,5.983438491821289,4.586445617675782,0.7011173184357542
continual,13,14,hi,zh,enc0,0.3,240,12.850276947021484,19.22254180908203,18.642053508758544,6.372264862060547,5.791776561737059,0.4899135446685879
continual,13,14,hi,zh,enc0,0.4,32,10.459562301635742,18.728506088256836,17.99361686706543,8.268943786621094,7.534054565429688,0.0
continual,13,14,hi,zh,enc0,0.5,8,7.890720844268799,18.658794403076172,18.567700958251955,10.768073558807373,10.676980113983156,0.0
continual,13,14,hi,zh,enc1,0.15,2054,25.067384719848633,35.63619613647461,27.14653253555298,10.568811416625977,2.0791478157043457,0.8036107441655659
continual,13,14,hi,zh,enc1,0.2,1136,21.86102294921875,31.38075828552246,27.123008155822752,9.519735336303711,5.2619852066040025,0.6516272189349113
continual,13,14,hi,zh,enc1,0.25,501,18.939971923828125,29.155607223510742,27.162913131713868,10.215635299682617,8.222941207885743,0.5496894409937888
continual,13,14,hi,zh,enc1,0.3,102,15.442643165588379,27.6424617767334,27.198301696777342,12.19981861114502,11.755658531188963,0.489247311827957
continual,13,14,hi,zh,enc1,0.4,17,11.761808395385742,27.259288787841797,26.544246101379393,15.497480392456055,14.782437705993651,0.0
continual,13,14,hi,zh,enc1,0.5,11,8.653005599975586,27.236225128173828,27.260283088684083,18.583219528198242,18.607277488708498,0.7142857142857143
continual,13,14,hi,zh,enc2,0.15,2065,30.657508850097656,44.058406829833984,33.23004837036133,13.400897979736328,2.5725395202636747,0.8070021881838074
continual,13,14,hi,zh,enc2,0.2,1218,26.803281784057617,39.09856033325195,33.248026084899905,12.295278549194336,6.444744300842288,0.6157377049180328
continual,13,14,hi,zh,enc2,0.25,472,23.530071258544922,35.44562530517578,33.279487228393556,11.91555404663086,9.749415969848634,0.5134328358208955
continual,13,14,hi,zh,enc2,0.3,158,20.253067016601562,34.10353469848633,33.27110538482666,13.850467681884766,13.018038368225099,0.5616438356164384
continual,13,14,hi,zh,enc2,0.4,28,17.087841033935547,33.42741012573242,33.33581027984619,16.339569091796875,16.247969245910646,0.8
continual,13,14,hi,zh,enc2,0.5,9,10.381088256835938,33.32937240600586,33.377187442779544,22.948284149169922,22.996099185943606,0.8
continual,13,14,hi,zh,enc3,0.15,2227,34.16427993774414,46.50553894042969,35.7978328704834,12.341259002685547,1.6335529327392564,0.8561330561330561
continual,13,14,hi,zh,enc3,0.2,1499,31.610902786254883,41.64509963989258,35.77857723236084,10.034196853637695,4.167674446105956,0.6868743047830923
continual,13,14,hi,zh,enc3,0.25,674,28.892478942871094,38.227291107177734,35.929510498046874,9.33481216430664,7.03703155517578,0.5351239669421488
continual,13,14,hi,zh,enc3,0.3,124,25.118009567260742,36.311805725097656,35.73191547393799,11.193796157836914,10.613905906677246,0.3184713375796178
continual,13,14,hi,zh,enc3,0.4,24,15.499835014343262,35.9614372253418,35.31556701660156,20.461602210998535,19.8157320022583,0.7096774193548387
continual,13,14,hi,zh,enc3,0.5,17,11.882966995239258,35.929290771484375,36.26169538497925,24.046323776245117,24.37872838973999,0.8947368421052632
continual,13,14,hi,zh,dec0,0.15,2230,48.84735107421875,52.63798522949219,49.34074592590332,3.7906341552734375,0.4933948516845703,0.7968624296057925
continual,13,14,hi,zh,dec0,0.2,1352,47.320560455322266,51.5916633605957,49.32384738922119,4.2711029052734375,2.003286933898927,0.5171213000580384
continual,13,14,hi,zh,dec0,0.25,743,46.04220962524414,50.682865142822266,49.36243152618408,4.640655517578125,3.3202219009399414,0.3752665245202559
continual,13,14,hi,zh,dec0,0.3,232,43.72995376586914,49.8946647644043,49.22670059204101,6.164710998535156,5.496746826171872,0.20869565217391303
continual,13,14,hi,zh,dec0,0.4,47,36.75244140625,49.57133483886719,48.76634063720703,12.818893432617188,12.01389923095703,0.2711864406779661
continual,13,14,hi,zh,dec0,0.5,9,56.05084991455078,49.31229782104492,48.85116443634033,-6.738552093505859,-7.199685478210448,0.0
continual,13,14,hi,zh,dec1,0.15,1886,58.1899299621582,65.98078155517578,60.289786148071286,7.790851593017578,2.099856185913083,0.6723366159355416
continual,13,14,hi,zh,dec1,0.2,1038,55.27263641357422,63.62959671020508,60.263082122802736,8.35696029663086,4.990445709228517,0.4711673699015471
continual,13,14,hi,zh,dec1,0.25,415,50.95539093017578,62.03765106201172,60.13285903930664,11.082260131835938,9.177468109130857,0.323397913561848
continual,13,14,hi,zh,dec1,0.3,96,52.495697021484375,60.54288101196289,60.38313808441162,8.047183990478516,7.887441062927245,0.004901960784313725
continual,13,14,hi,zh,dec1,0.4,31,46.69438934326172,60.407161712646484,60.162153816223146,13.712772369384766,13.467764472961427,0.4634146341463415
continual,13,14,hi,zh,dec1,0.5,23,44.12492370605469,60.3872184753418,60.957301712036134,16.26229476928711,16.832378005981447,0.46153846153846156
continual,13,14,hi,zh,dec2,0.15,1867,60.675479888916016,69.7048568725586,63.100904273986814,9.029376983642578,2.425424385070798,0.6574855619724567
continual,13,14,hi,zh,dec2,0.2,1016,58.52238845825195,66.14498138427734,63.09761505126953,7.622592926025391,4.575226593017575,0.4357388316151203
continual,13,14,hi,zh,dec2,0.25,409,55.25739288330078,64.61475372314453,63.05470314025879,9.35736083984375,7.797310256958006,0.3137755102040816
continual,13,14,hi,zh,dec2,0.3,84,48.28498458862305,63.623046875,62.61234760284424,15.338062286376953,14.327363014221191,0.17901234567901234
continual,13,14,hi,zh,dec2,0.4,39,42.39301681518555,63.440406799316406,63.076321601867676,21.04738998413086,20.68330478668213,0.5625
continual,13,14,hi,zh,dec2,0.5,33,39.32169723510742,63.4305419921875,62.77585315704346,24.108844757080078,23.454155921936035,0.6176470588235294
continual,13,14,hi,zh,dec3,0.15,2110,58.52553939819336,67.15092468261719,60.02716255187988,8.625385284423828,1.5016231536865234,0.7822743828409551
continual,13,14,hi,zh,dec3,0.2,1431,56.94122314453125,63.971580505371094,60.02530975341797,7.030357360839844,3.0840866088867216,0.5216095380029806
continual,13,14,hi,zh,dec3,0.25,786,53.61591720581055,62.8887825012207,60.10927505493164,9.272865295410156,6.493357849121097,0.35060326472675657
continual,13,14,hi,zh,dec3,0.3,249,48.984004974365234,61.23313522338867,60.19973945617676,12.249130249023438,11.215734481811523,0.15927189988623436
continual,13,14,hi,zh,dec3,0.4,45,40.60523986816406,60.389488220214844,59.582458877563475,19.78424835205078,18.977219009399413,0.1387900355871886
continual,13,14,hi,zh,dec3,0.5,17,34.25408172607422,60.214111328125,59.408333206176756,25.96002960205078,25.154251480102538,0.0
continual,14,15,zh,ar,enc0,0.15,2266,17.680767059326172,23.966224670410156,18.413014507293703,6.285457611083984,0.7322474479675307,0.8792029887920298
continual,14,15,zh,ar,enc0,0.2,1233,15.570816040039062,21.0338134765625,18.416281986236573,5.4629974365234375,2.8454659461975105,0.7132963988919667
continual,14,15,zh,ar,enc0,0.25,598,13.679574012756348,19.84214973449707,18.443257904052736,6.162575721740723,4.763683891296388,0.7014285714285714
continual,14,15,zh,ar,enc0,0.3,88,12.247328758239746,18.621732711791992,18.705304431915284,6.374403953552246,6.457975673675538,0.25190839694656486
continual,14,15,zh,ar,enc0,0.4,18,8.191861152648926,18.47491455078125,18.784157943725585,10.283053398132324,10.59229679107666,0.5625
continual,14,15,zh,ar,enc0,0.5,6,5.493342399597168,18.432939529418945,18.585273933410644,12.939597129821777,13.091931533813476,0.75
continual,14,15,zh,ar,enc1,0.15,2072,25.30294418334961,35.73672866821289,27.298470211029052,10.433784484863281,1.9955260276794426,0.8025338575797292
continual,14,15,zh,ar,enc1,0.2,1173,22.0977725982666,31.684598922729492,27.305961894989014,9.58682632446289,5.208189296722413,0.6756168359941945
continual,14,15,zh,ar,enc1,0.25,458,18.992408752441406,29.100238800048828,27.31632766723633,10.107830047607422,8.323918914794923,0.5368589743589743
continual,14,15,zh,ar,enc1,0.3,171,16.205087661743164,28.08545684814453,27.373069953918456,11.880369186401367,11.167982292175292,0.46774193548387094
continual,14,15,zh,ar,enc1,0.4,17,11.56159496307373,27.39704704284668,27.121436214447023,15.83545207977295,15.559841251373292,0.0
continual,14,15,zh,ar,enc1,0.5,11,7.891485214233398,27.375606536865234,26.78960132598877,19.484121322631836,18.89811611175537,1.0
continual,14,15,zh,ar,enc2,0.15,2100,31.192153930664062,45.04051971435547,33.64691562652588,13.848365783691406,2.4547616958618192,0.8124456048738034
continual,14,15,zh,ar,enc2,0.2,1289,27.586761474609375,39.86060333251953,33.68113842010498,12.273841857910156,6.094376945495604,0.6060217809096733
continual,14,15,zh,ar,enc2,0.25,505,24.11086082458496,36.03220748901367,33.86583061218262,11.921346664428711,9.754969787597659,0.5030769230769231
continual,14,15,zh,ar,enc2,0.3,156,19.803388595581055,34.58104705810547,33.79721450805664,14.777658462524414,13.993825912475586,0.6102564102564103
continual,14,15,zh,ar,enc2,0.4,13,13.888188362121582,33.78155517578125,34.164179706573485,19.893366813659668,20.275991344451903,0.07894736842105263
continual,14,15,zh,ar,enc2,0.5,10,12.207733154296875,33.76474380493164,34.36281366348267,21.557010650634766,22.155080509185794,0.9
continual,14,15,zh,ar,enc3,0.15,2315,37.69462966918945,50.24106216430664,38.876818084716795,12.546432495117188,1.1821884155273423,0.8576687116564418
continual,14,15,zh,ar,enc3,0.2,1636,35.38117218017578,45.11745071411133,38.89940929412842,9.736278533935547,3.5182371139526367,0.6728922091782283
continual,14,15,zh,ar,enc3,0.25,831,33.21406936645508,41.62592697143555,39.00764560699463,8.411857604980469,5.793576240539551,0.49157581764122893
continual,14,15,zh,ar,enc3,0.3,308,31.596492767333984,39.89360809326172,38.892849922180176,8.297115325927734,7.296357154846191,0.17073170731707318
continual,14,15,zh,ar,enc3,0.4,19,14.546252250671387,39.077423095703125,39.666982078552245,24.53117084503174,25.120729827880858,0.6538461538461539
continual,14,15,zh,ar,enc3,0.5,16,12.993850708007812,39.05826187133789,39.220896530151364,26.064411163330078,26.227045822143552,0.7368421052631579
continual,14,15,zh,ar,dec0,0.15,2286,49.887489318847656,52.79261016845703,50.1906120300293,2.905120849609375,0.30312271118164347,0.8173038229376257
continual,14,15,zh,ar,dec0,0.2,1380,48.37294006347656,52.333309173583984,50.24236068725586,3.960369110107422,1.8694206237792983,0.5331088664421998
continual,14,15,zh,ar,dec0,0.25,745,46.729488372802734,51.622314453125,50.19816093444824,4.892826080322266,3.468672561645505,0.39587242026266417
continual,14,15,zh,ar,dec0,0.3,160,42.70005416870117,50.69832229614258,49.91891593933106,7.998268127441406,7.218861770629886,0.30666666666666664
continual,14,15,zh,ar,dec0,0.4,19,28.759553909301758,50.35873031616211,50.445217514038085,21.59917640686035,21.685663604736327,0.32
continual,14,15,zh,ar,dec0,0.5,10,64.50391387939453,50.14232635498047,50.80827751159668,-14.361587524414062,-13.695636367797853,0.0
continual,14,15,zh,ar,dec1,0.15,2082,59.8267936706543,66.2295913696289,61.04307308197021,6.402797698974609,1.2162794113159165,0.7297297297297297
continual,14,15,zh,ar,dec1,0.2,1391,58.46070861816406,64.07040405273438,61.01274013519287,5.6096954345703125,2.5520315170288086,0.4901840490797546
continual,14,15,zh,ar,dec1,0.25,732,55.966880798339844,63.04670333862305,61.09891605377197,7.079822540283203,5.132035255432129,0.3123569794050343
continual,14,15,zh,ar,dec1,0.3,110,48.86906814575195,61.567970275878906,61.41858081817627,12.698902130126953,12.549512672424314,0.21176470588235294
continual,14,15,zh,ar,dec1,0.4,30,43.59623718261719,61.22895050048828,60.92462997436523,17.632713317871094,17.328392791748044,0.4186046511627907
continual,14,15,zh,ar,dec1,0.5,14,35.34672927856445,61.16350555419922,61.033447265625,25.816776275634766,25.686717987060547,0.4230769230769231
continual,14,15,zh,ar,dec2,0.15,2260,62.423770904541016,67.60062408447266,63.030961418151854,5.176853179931641,0.6071905136108384,0.7224540901502504
continual,14,15,zh,ar,dec2,0.2,1455,61.971744537353516,64.42444610595703,62.978776931762695,2.4527015686035156,1.0070323944091797,0.44249854057209576
continual,14,15,zh,ar,dec2,0.25,822,61.18011474609375,63.90555953979492,62.908200073242185,2.725444793701172,1.7280853271484347,0.29852320675105487
continual,14,15,zh,ar,dec2,0.3,389,61.5755729675293,63.291114807128906,63.096209335327146,1.7155418395996094,1.5206363677978487,0.15931372549019607
continual,14,15,zh,ar,dec2,0.4,43,37.356468200683594,63.46904754638672,63.577538299560544,26.112579345703125,26.22107009887695,0.7446808510638298
continual,14,15,zh,ar,dec2,0.5,34,33.62946319580078,63.42616653442383,62.787903022766116,29.796703338623047,29.158439826965335,0.6341463414634146
continual,14,15,zh,ar,dec3,0.15,2485,61.14014434814453,68.24617004394531,61.35256824493408,7.106025695800781,0.2124238967895522,0.8212445501387238
continual,14,15,zh,ar,dec3,0.2,2026,60.612548828125,64.13987731933594,61.29740753173828,3.5273284912109375,0.6848587036132798,0.5579089680036052
continual,14,15,zh,ar,dec3,0.25,1446,60.605594635009766,62.312416076660156,61.36162185668945,1.7068214416503906,0.7560272216796875,0.3726937269372694
continual,14,15,zh,ar,dec3,0.3,808,59.05451202392578,62.40620422363281,61.46396026611328,3.3516921997070312,2.4094482421875014,0.16666666666666666
continual,14,15,zh,ar,dec3,0.4,178,58.34009552001953,61.573123931884766,61.32980480194092,3.2330284118652344,2.9897092819213853,0.1736842105263158
continual,14,15,zh,ar,dec3,0.5,25,63.32700729370117,61.32881164550781,61.91153697967529,-1.9981956481933594,-1.4154703140258817,0.0
continual,15,16,ar,hi,enc0,0.15,2276,20.111404418945312,26.82097625732422,20.857913112640382,6.709571838378906,0.7465086936950698,0.8823041856610029
continual,15,16,ar,hi,enc0,0.2,1267,17.91584014892578,23.73653793334961,20.90004758834839,5.820697784423828,2.984207439422608,0.6914749661705006
continual,15,16,ar,hi,enc0,0.25,590,15.793351173400879,22.37189483642578,20.868729209899904,6.578543663024902,5.075378036499025,0.6708860759493671
continual,15,16,ar,hi,enc0,0.3,166,14.730019569396973,21.280506134033203,20.815478897094728,6.5504865646362305,6.085459327697755,0.3804347826086957
continual,15,16,ar,hi,enc0,0.4,33,11.669170379638672,20.97571563720703,20.84294729232788,9.30654525756836,9.17377691268921,0.45714285714285713
continual,15,16,ar,hi,enc0,0.5,11,7.099782943725586,20.915109634399414,20.26839084625244,13.815326690673828,13.168607902526855,0.5454545454545454
continual,15,16,ar,hi,enc1,0.15,2026,28.522974014282227,39.98875045776367,30.91797294616699,11.465776443481445,2.394998931884764,0.7934354485776806
continual,15,16,ar,hi,enc1,0.2,1103,24.78532600402832,35.55478286743164,30.961210346221925,10.76945686340332,6.175884342193605,0.6409516943042538
continual,15,16,ar,hi,enc1,0.25,501,22.02335548400879,33.07810974121094,30.842698955535887,11.054754257202148,8.819343471527098,0.5174050632911392
continual,15,16,ar,hi,enc1,0.3,167,19.167264938354492,31.73447608947754,31.011354827880858,12.567211151123047,11.844089889526366,0.5720930232558139
continual,15,16,ar,hi,enc1,0.4,14,13.727014541625977,31.00917625427246,30.866009330749513,17.282161712646484,17.138994789123537,0.0
continual,15,16,ar,hi,enc1,0.5,10,11.384571075439453,30.991249084472656,30.40282621383667,19.606678009033203,19.018255138397215,0.9090909090909091
continual,15,16,ar,hi,enc2,0.15,2024,35.28579330444336,50.48040771484375,38.45129871368408,15.19461441040039,3.1655054092407227,0.7930434782608695
continual,15,16,ar,hi,enc2,0.2,1226,31.118532180786133,45.22085952758789,38.488122177124026,14.102327346801758,7.3695899963378935,0.6225806451612903
continual,15,16,ar,hi,enc2,0.25,408,26.643638610839844,40.708797454833984,38.183450889587405,14.06515884399414,11.539812278747561,0.48214285714285715
continual,15,16,ar,hi,enc2,0.3,135,22.68850326538086,39.34556579589844,38.890252876281735,16.657062530517578,16.201749610900876,0.5235602094240838
continual,15,16,ar,hi,enc2,0.4,20,19.392972946166992,38.61735534667969,38.25023555755615,19.224382400512695,18.85726261138916,0.0
continual,15,16,ar,hi,enc2,0.5,9,14.880691528320312,38.550376892089844,38.154746532440186,23.66968536376953,23.274055004119873,0.7272727272727273
continual,15,16,ar,hi,enc3,0.15,2201,41.82816696166992,54.6115608215332,43.617516136169435,12.783393859863281,1.7893491744995131,0.859201317414574
continual,15,16,ar,hi,enc3,0.2,1498,39.66801834106445,49.19647979736328,43.58386917114258,9.528461456298828,3.915850830078128,0.6460084033613446
continual,15,16,ar,hi,enc3,0.25,713,38.820648193359375,45.47386169433594,43.787482833862306,6.6532135009765625,4.966834640502931,0.4817658349328215
continual,15,16,ar,hi,enc3,0.3,175,35.034423828125,44.25086975097656,43.79333915710449,9.216445922851562,8.75891532897949,0.1896551724137931
continual,15,16,ar,hi,enc3,0.4,28,23.643882751464844,43.841758728027344,43.188378143310544,20.1978759765625,19.5444953918457,0.6206896551724138
continual,15,16,ar,hi,enc3,0.5,16,15.84200668334961,43.79555130004883,43.34585762023926,27.95354461669922,27.50385093688965,0.6842105263157895
continual,15,16,ar,hi,dec0,0.15,2251,50.383907318115234,55.393978118896484,50.976748657226565,5.01007080078125,0.592841339111331,0.8316511909568026
continual,15,16,ar,hi,dec0,0.2,1355,49.38241195678711,52.7947998046875,50.96278667449951,3.4123878479003906,1.5803747177124023,0.5118850193477059
continual,15,16,ar,hi,dec0,0.25,402,47.986114501953125,51.54795837402344,51.08535633087158,3.5618438720703125,3.0992418289184585,0.28876404494382024
continual,15,16,ar,hi,dec0,0.3,160,43.03656768798828,51.518775939941406,50.668820762634276,8.482208251953125,7.632253074645995,0.3168724279835391
continual,15,16,ar,hi,dec0,0.4,27,39.14849090576172,51.11484146118164,51.175392150878906,11.966350555419922,12.026901245117188,0.4838709677419355
continual,15,16,ar,hi,dec0,0.5,12,36.29020309448242,51.057857513427734,50.36567707061768,14.767654418945312,14.075473976135257,0.0
continual,15,16,ar,hi,dec1,0.15,1858,65.37928009033203,71.51000213623047,67.03574981689454,6.1307220458984375,1.6564697265625057,0.6888126875267896
continual,15,16,ar,hi,dec1,0.2,1004,62.74290466308594,69.84629821777344,66.99213447570801,7.1033935546875,4.249229812622076,0.4648318042813456
continual,15,16,ar,hi,dec1,0.25,491,61.3089485168457,68.42533874511719,66.86732940673828,7.116390228271484,5.558380889892575,0.3293478260869565
continual,15,16,ar,hi,dec1,0.3,103,51.06427001953125,67.73101806640625,67.09981269836426,16.666748046875,16.03554267883301,0.23837209302325582
continual,15,16,ar,hi,dec1,0.4,24,50.75627136230469,67.21473693847656,66.80076007843017,16.458465576171875,16.044488716125485,0.3170731707317073
continual,15,16,ar,hi,dec1,0.5,15,44.96369171142578,67.190673828125,67.82813777923585,22.22698211669922,22.864446067810064,0.5263157894736842
continual,15,16,ar,hi,dec2,0.15,1886,66.56208801269531,75.5598373413086,68.9486125946045,8.997749328613281,2.3865245819091854,0.7203319502074689
continual,15,16,ar,hi,dec2,0.2,1059,65.0765151977539,71.65049743652344,68.88373756408691,6.573982238769531,3.807222366333008,0.46760070052539404
continual,15,16,ar,hi,dec2,0.25,615,63.01996994018555,70.80008697509766,68.72950286865235,7.780117034912109,5.7095329284668,0.36726926736441484
continual,15,16,ar,hi,dec2,0.3,127,47.60317611694336,70.0443115234375,68.97717475891113,22.44113540649414,21.373998641967773,0.08860759493670886
continual,15,16,ar,hi,dec2,0.4,36,50.3150520324707,69.19654846191406,69.42403030395508,18.88149642944336,19.108978271484375,0.49056603773584906
continual,15,16,ar,hi,dec2,0.5,21,40.08182144165039,69.16963958740234,68.82233638763428,29.087818145751953,28.74051494598389,0.41025641025641024
continual,15,16,ar,hi,dec3,0.15,2287,56.484458923339844,67.97683715820312,57.7046142578125,11.492378234863281,1.2201553344726577,0.8824457593688363
continual,15,16,ar,hi,dec3,0.2,1640,54.202449798583984,63.962615966796875,57.719162940979004,9.76016616821289,3.5167131423950195,0.6543321299638989
continual,15,16,ar,hi,dec3,0.25,1126,51.19120788574219,62.82868194580078,57.742194175720215,11.637474060058594,6.550986289978027,0.5401197604790419
continual,15,16,ar,hi,dec3,0.3,715,47.86465835571289,61.525413513183594,57.64435577392578,13.660755157470703,9.77969741821289,0.4574162679425837
continual,15,16,ar,hi,dec3,0.4,249,37.339542388916016,59.90483474731445,57.99301929473877,22.565292358398438,20.653476905822757,0.45733788395904434
continual,15,16,ar,hi,dec3,0.5,110,33.624168395996094,58.79141616821289,57.89852390289307,25.167247772216797,24.274355506896974,0.17391304347826086
continual,16,17,hi,zh,enc0,0.15,2254,17.319204330444336,22.38815689086914,17.932357501983642,5.068952560424805,0.6131531715393059,0.8781094527363185
continual,16,17,hi,zh,enc0,0.2,1241,15.308160781860352,20.387287139892578,17.91379976272583,5.079126358032227,2.6056389808654785,0.6866173503698723
continual,16,17,hi,zh,enc0,0.25,540,13.69504451751709,19.055908203125,17.94196300506592,5.36086368560791,4.246918487548829,0.6235632183908046
continual,16,17,hi,zh,enc0,0.3,90,12.047393798828125,18.139266967773438,18.068593311309815,6.0918731689453125,6.02119951248169,0.4463276836158192
continual,16,17,hi,zh,enc0,0.4,18,7.563473224639893,17.998472213745117,18.316825675964356,10.434998989105225,10.753352451324464,0.45714285714285713
continual,16,17,hi,zh,enc0,0.5,10,5.913059234619141,17.972206115722656,17.854000091552734,12.059146881103516,11.940940856933594,0.9090909090909091
continual,16,17,hi,zh,enc1,0.15,2040,24.916025161743164,34.79957962036133,26.93333320617676,9.883554458618164,2.0173080444335945,0.788825340959085
continual,16,17,hi,zh,enc1,0.2,1138,21.597145080566406,31.186298370361328,26.92292022705078,9.589153289794922,5.325775146484375,0.6405563689604685
continual,16,17,hi,zh,enc1,0.25,467,18.710298538208008,28.756216049194336,26.91406135559082,10.045917510986328,8.203762817382813,0.5714285714285714
continual,16,17,hi,zh,enc1,0.3,112,17.047597885131836,27.375465393066406,27.048433208465575,10.32786750793457,10.000835323333739,0.42346938775510207
continual,16,17,hi,zh,enc1,0.4,19,10.684967041015625,27.045042037963867,26.76457166671753,16.360074996948242,16.079604625701904,0.65
continual,16,17,hi,zh,enc1,0.5,12,11.829704284667969,26.994705200195312,26.536681938171387,15.165000915527344,14.706977653503419,0.8333333333333334
continual,16,17,hi,zh,enc2,0.15,2050,30.144001007080078,44.05485534667969,32.92272529602051,13.91085433959961,2.778724288940431,0.7947136563876652
continual,16,17,hi,zh,enc2,0.2,1193,26.337890625,38.6555061340332,33.001844787597655,12.317615509033203,6.663954162597655,0.6489434219495569
continual,16,17,hi,zh,enc2,0.25,582,24.147764205932617,35.49504089355469,33.02151660919189,11.34727668762207,8.873752403259275,0.4623338257016248
continual,16,17,hi,zh,enc2,0.3,169,21.554550170898438,33.71830368041992,32.84381761550903,12.163753509521484,11.289267444610594,0.4975369458128079
continual,16,17,hi,zh,enc2,0.4,26,18.982284545898438,33.05826187133789,32.67113838195801,14.075977325439453,13.688853836059572,0.6428571428571429
continual,16,17,hi,zh,enc2,0.5,8,11.756218910217285,32.98163604736328,33.6146861076355,21.225417137145996,21.858467197418214,0.7
continual,16,17,hi,zh,enc3,0.15,2211,34.002620697021484,46.72765350341797,35.74836940765381,12.725032806396484,1.745748710632327,0.8506711409395973
continual,16,17,hi,zh,enc3,0.2,1483,31.56838607788086,41.478023529052734,35.75476150512695,9.909637451171875,4.186375427246091,0.6597995545657016
continual,16,17,hi,zh,enc3,0.25,730,29.201141357421875,38.344764709472656,35.81790714263916,9.143623352050781,6.616765785217282,0.5449678800856531
continual,16,17,hi,zh,enc3,0.3,148,25.357681274414062,36.37430191040039,35.852515029907224,11.016620635986328,10.494833755493161,0.2766798418972332
continual,16,17,hi,zh,enc3,0.4,24,16.733959197998047,35.91724395751953,35.53900775909424,19.183284759521484,18.805048561096193,0.6774193548387096
continual,16,17,hi,zh,enc3,0.5,15,11.705827713012695,35.8790397644043,35.41373195648193,24.1732120513916,23.707904243469237,0.7222222222222222
continual,16,17,hi,zh,dec0,0.15,2264,47.67054748535156,51.82867431640625,48.15771064758301,4.1581268310546875,0.48716316223144673,0.8176328502415459
continual,16,17,hi,zh,dec0,0.2,1372,46.3739013671875,50.20405197143555,48.22131862640381,3.830150604248047,1.8474172592163072,0.5337457817772778
continual,16,17,hi,zh,dec0,0.25,762,44.33827590942383,49.76731872558594,48.03201122283936,5.429042816162109,3.69373531341553,0.30786516853932583
continual,16,17,hi,zh,dec0,0.3,169,41.07949447631836,48.651180267333984,48.306317520141604,7.571685791015625,7.226823043823245,0.44933920704845814
continual,16,17,hi,zh,dec0,0.4,28,51.519535064697266,48.11408233642578,48.11140689849854,-3.4054527282714844,-3.408128166198729,0.0
continual,16,17,hi,zh,dec0,0.5,21,52.16988754272461,48.11809539794922,47.29727725982666,-4.051792144775391,-4.872610282897952,0.0
continual,16,17,hi,zh,dec1,0.15,1878,57.517242431640625,65.64990234375,59.694499778747556,8.132659912109375,2.1772573471069308,0.6798561151079137
continual,16,17,hi,zh,dec1,0.2,1041,54.53792190551758,63.210426330566406,59.69143810272217,8.672504425048828,5.153516197204588,0.4722822174226062
continual,16,17,hi,zh,dec1,0.25,454,51.14229965209961,61.52517318725586,59.514475440979005,10.38287353515625,8.372175788879396,0.3938053097345133
continual,16,17,hi,zh,dec1,0.3,126,50.58927917480469,60.154632568359375,59.66249866485596,9.565353393554688,9.073219490051272,0.34705882352941175
continual,16,17,hi,zh,dec1,0.4,30,42.741188049316406,59.88473129272461,60.120965003967285,17.143543243408203,17.37977695465088,0.5
continual,16,17,hi,zh,dec1,0.5,22,41.11984634399414,59.84475326538086,60.54898185729981,18.72490692138672,19.429135513305667,0.5416666666666666
continual,16,17,hi,zh,dec2,0.15,1852,59.844295501708984,69.43025970458984,62.51274394989014,9.58596420288086,2.6684484481811523,0.6694953104064314
continual,16,17,hi,zh,dec2,0.2,1039,57.66835021972656,65.79280090332031,62.51685390472412,8.12445068359375,4.84850368499756,0.4311050477489768
continual,16,17,hi,zh,dec2,0.25,425,54.28389358520508,64.1300277709961,62.574086570739745,9.846134185791016,8.290192985534667,0.3333333333333333
continual,16,17,hi,zh,dec2,0.3,188,51.246070861816406,63.38701629638672,62.76234531402588,12.140945434570312,11.516274452209473,0.14545454545454545
continual,16,17,hi,zh,dec2,0.4,41,40.44228744506836,62.8543586730957,62.16185531616211,22.412071228027344,21.71956787109375,0.6041666666666666
continual,16,17,hi,zh,dec2,0.5,32,38.76597213745117,62.7957878112793,63.34292411804199,24.029815673828125,24.57695198059082,0.5588235294117647
continual,16,17,hi,zh,dec3,0.15,2094,58.44580078125,66.49996185302734,59.92064228057861,8.054161071777344,1.4748414993286119,0.7686717803794914
continual,16,17,hi,zh,dec3,0.2,1435,56.72856903076172,63.97243118286133,59.96227054595947,7.243862152099609,3.233701515197751,0.5132874015748031
continual,16,17,hi,zh,dec3,0.25,784,53.894588470458984,62.56820297241211,59.885110473632814,8.673614501953125,5.9905220031738295,0.3652609006433167
continual,16,17,hi,zh,dec3,0.3,301,49.49406051635742,61.30002975463867,59.72241630554199,11.80596923828125,10.228355789184569,0.1800232288037166
continual,16,17,hi,zh,dec3,0.4,47,47.63113784790039,60.1415901184082,59.69086608886719,12.510452270507812,12.059728240966798,0.006802721088435374
continual,16,17,hi,zh,dec3,0.5,15,30.26493263244629,60.086647033691406,58.31343994140625,29.821714401245117,28.048507308959962,0.0
continual,17,18,zh,ar,enc0,0.15,2254,17.320236206054688,23.302291870117188,18.031486225128173,5.9820556640625,0.7112500190734856,0.8783333333333333
continual,17,18,zh,ar,enc0,0.2,1273,15.3727388381958,20.66885757446289,18.024585914611816,5.29611873626709,2.651847076416015,0.704406779661017
continual,17,18,zh,ar,enc0,0.25,617,13.225029945373535,19.562774658203125,18.00044345855713,6.33774471282959,4.775413513183594,0.6599713055954088
continual,17,18,zh,ar,enc0,0.3,157,12.416109085083008,18.402406692504883,18.13528366088867,5.986297607421875,5.719174575805663,0.25380710659898476
continual,17,18,zh,ar,enc0,0.4,14,8.865874290466309,18.08570098876953,18.03089847564697,9.219826698303223,9.165024185180663,0.0
continual,17,18,zh,ar,enc0,0.5,6,6.620769500732422,18.062095642089844,18.304088020324706,11.441326141357422,11.683318519592284,0.6
continual,17,18,zh,ar,enc1,0.15,2083,25.10732650756836,35.90218734741211,27.148280525207518,10.79486083984375,2.0409540176391587,0.8004366812227074
continual,17,18,zh,ar,enc1,0.2,1193,21.651952743530273,31.889631271362305,27.115182876586914,10.237678527832031,5.463230133056641,0.6673819742489271
continual,17,18,zh,ar,enc1,0.25,486,18.5671329498291,29.122600555419922,27.257903003692626,10.55546760559082,8.690770053863524,0.5445705024311183
continual,17,18,zh,ar,enc1,0.3,104,17.13296890258789,27.541561126708984,27.320717906951906,10.408592224121094,10.187749004364015,0.5652173913043478
continual,17,18,zh,ar,enc1,0.4,17,10.732065200805664,27.228260040283203,27.91769723892212,16.49619483947754,17.185632038116456,0.0
continual,17,18,zh,ar,enc1,0.5,11,8.29468059539795,27.1999454498291,26.878075885772706,18.905264854431152,18.583395290374757,0.9166666666666666
continual,17,18,zh,ar,enc2,0.15,2084,30.898799896240234,45.376739501953125,33.63462448120117,14.47793960571289,2.7358245849609375,0.8060288335517694
continual,17,18,zh,ar,enc2,0.2,1295,27.70354461669922,39.61765670776367,33.52052173614502,11.914112091064453,5.816977119445802,0.6400791034937376
continual,17,18,zh,ar,enc2,0.25,483,23.968734741210938,35.828369140625,33.45826892852783,11.859634399414062,9.489534187316892,0.4957865168539326
continual,17,18,zh,ar,enc2,0.3,98,20.663625717163086,34.1053581237793,33.527461242675784,13.441732406616211,12.863835525512698,0.39790575916230364
continual,17,18,zh,ar,enc2,0.4,14,14.048069953918457,33.6982536315918,33.94124746322632,19.65018367767334,19.89317750930786,0.17647058823529413
continual,17,18,zh,ar,enc2,0.5,10,11.498538970947266,33.677425384521484,32.8428032875061,22.17888641357422,21.344264316558835,0.6363636363636364
continual,17,18,zh,ar,enc3,0.15,2294,37.96989440917969,50.41598129272461,39.262380599975586,12.446086883544922,1.2924861907958984,0.8455551003687014
continual,17,18,zh,ar,enc3,0.2,1581,35.611351013183594,45.16040802001953,39.23694362640381,9.549057006835938,3.6255926132202134,0.6562162162162162
continual,17,18,zh,ar,enc3,0.25,709,34.054298400878906,41.25828552246094,39.20278778076172,7.203987121582031,5.148489379882811,0.46239837398373984
continual,17,18,zh,ar,enc3,0.3,235,29.134572982788086,40.286861419677734,39.15005760192871,11.152288436889648,10.015484619140622,0.2809364548494983
continual,17,18,zh,ar,enc3,0.4,20,16.27106285095215,39.44416046142578,40.18059139251709,23.173097610473633,23.90952854156494,0.5714285714285714
continual,17,18,zh,ar,enc3,0.5,15,12.177492141723633,39.422760009765625,38.11490936279297,27.245267868041992,25.93741722106934,0.875
continual,17,18,zh,ar,dec0,0.15,2284,49.27046203613281,52.3980712890625,49.58696174621582,3.1276092529296875,0.3164997100830078,0.8265060240963855
continual,17,18,zh,ar,dec0,0.2,1439,47.98720169067383,51.68779754638672,49.61641101837158,3.7005958557128906,1.629209327697751,0.5462046204620462
continual,17,18,zh,ar,dec0,0.25,757,45.977821350097656,51.13166427612305,49.759659957885745,5.153842926025391,3.781838607788089,0.41565703634669154
continual,17,18,zh,ar,dec0,0.3,175,44.9353141784668,49.95049285888672,49.67951698303223,5.015178680419922,4.7442028045654325,0.3230769230769231
continual,17,18,zh,ar,dec0,0.4,24,30.388790130615234,49.7895393371582,49.498061180114746,19.40074920654297,19.10927104949951,0.0
continual,17,18,zh,ar,dec0,0.5,9,57.9365119934082,49.578269958496094,49.86245822906494,-8.35824203491211,-8.074053764343262,0.0
continual,17,18,zh,ar,dec1,0.15,2083,59.687110900878906,66.34085083007812,60.933651542663576,6.653739929199219,1.2465406417846694,0.71993052540165
continual,17,18,zh,ar,dec1,0.2,1328,58.06585693359375,64.01085662841797,61.03544254302979,5.944999694824219,2.969585609436038,0.4852664576802508
continual,17,18,zh,ar,dec1,0.25,796,56.6348876953125,62.86363983154297,61.03027515411377,6.228752136230469,4.395387458801267,0.3048016701461378
continual,17,18,zh,ar,dec1,0.3,139,53.673622131347656,61.34333038330078,60.94602527618408,7.669708251953125,7.272403144836424,0.22685185185185186
continual,17,18,zh,ar,dec1,0.4,36,43.03380584716797,61.18210220336914,60.670931053161624,18.148296356201172,17.637125205993655,0.40425531914893614
continual,17,18,zh,ar,dec1,0.5,12,39.30622863769531,61.02871322631836,60.35452365875244,21.722484588623047,21.04829502105713,0.3076923076923077
continual,17,18,zh,ar,dec2,0.15,2227,62.297298431396484,67.84928894042969,63.01915607452393,5.551990509033203,0.7218576431274428,0.710272536687631
continual,17,18,zh,ar,dec2,0.2,1456,61.88649368286133,64.51372528076172,63.04491691589355,2.6272315979003906,1.1584232330322237,0.4676470588235294
continual,17,18,zh,ar,dec2,0.25,800,61.49174118041992,63.71390914916992,63.02472858428955,2.22216796875,1.532987403869626,0.3087606837606838
continual,17,18,zh,ar,dec2,0.3,288,64.77774047851562,62.79660415649414,62.96566219329834,-1.9811363220214844,-1.8120782852172823,0.16097560975609757
continual,17,18,zh,ar,dec2,0.4,43,36.89235305786133,63.46583938598633,63.415528297424316,26.573486328125,26.52317523956299,0.75
continual,17,18,zh,ar,dec2,0.5,31,31.300579071044922,63.408287048339844,62.275155258178714,32.10770797729492,30.974576187133792,0.6578947368421053
continual,17,18,zh,ar,dec3,0.15,2467,61.3052864074707,67.00216674804688,61.49922866821289,5.696880340576172,0.19394226074219034,0.8077685295283393
continual,17,18,zh,ar,dec3,0.2,2043,60.942405700683594,63.764034271240234,61.477891731262204,2.8216285705566406,0.5354860305786104,0.5582437275985663
continual,17,18,zh,ar,dec3,0.25,1392,60.83381652832031,62.32078170776367,61.45400409698486,1.4869651794433594,0.6201875686645479,0.3694147262429201
continual,17,18,zh,ar,dec3,0.3,794,59.426517486572266,62.44999313354492,61.462356376647946,3.0234756469726562,2.0358388900756808,0.191512513601741
continual,17,18,zh,ar,dec3,0.4,165,58.551631927490234,61.71621322631836,61.609229278564456,3.164581298828125,3.0575973510742216,0.004739336492890996
continual,17,18,zh,ar,dec3,0.5,20,65.44011688232422,61.4813117980957,61.76542797088623,-3.9588050842285156,-3.6746889114379897,0.0
