run,from_phase,to_phase,from_lang,to_lang,layer,tau,n_self,self_change,task_change,random_change,gap,gap_vs_random,self_overlap
only_hi,1,2,hi,hi,enc0,0.15,2449,6.054870128631592,9.086732864379883,6.18662383556366,3.031862735748291,0.13175370693206823,0.9675350701402805
only_hi,1,2,hi,hi,enc0,0.2,1670,5.640408515930176,7.210697174072266,6.181021070480346,1.5702886581420898,0.5406125545501705,0.8038176033934252
only_hi,1,2,hi,hi,enc0,0.25,903,5.356696128845215,6.638446807861328,6.170342540740966,1.2817506790161133,0.8136464118957516,0.7727272727272727
only_hi,1,2,hi,hi,enc0,0.3,452,5.046084880828857,6.430822372436523,6.177714490890503,1.384737491607666,1.1316296100616459,0.6642599277978339
only_hi,1,2,hi,hi,enc0,0.4,35,4.266282081604004,6.212944507598877,6.088285207748413,1.946662425994873,1.8220031261444092,0.825
only_hi,1,2,hi,hi,enc0,0.5,19,3.622831344604492,6.205497741699219,6.287875437736512,2.5826663970947266,2.6650440931320194,0.8181818181818182
only_hi,1,2,hi,hi,enc1,0.15,2358,7.447601795196533,10.013775825500488,7.65233883857727,2.566174030303955,0.20473704338073695,0.9337964854924398
only_hi,1,2,hi,hi,enc1,0.2,1457,6.964560508728027,8.555631637573242,7.648523592948914,1.5910711288452148,0.6839630842208866,0.80557238037553
only_hi,1,2,hi,hi,enc1,0.25,843,6.603833198547363,8.163771629333496,7.637506151199341,1.5599384307861328,1.033672952651978,0.7995802728226653
only_hi,1,2,hi,hi,enc1,0.3,491,6.346179008483887,7.9595232009887695,7.694203186035156,1.6133441925048828,1.3480241775512694,0.7108843537414966
only_hi,1,2,hi,hi,enc1,0.4,83,9.247125625610352,7.596574306488037,7.69077422618866,-1.6505513191223145,-1.5563513994216915,0.7524752475247525
only_hi,1,2,hi,hi,enc1,0.5,44,4.636180400848389,7.70279598236084,7.73150851726532,3.066615581512451,3.0953281164169315,0.7777777777777778
only_hi,1,2,hi,hi,enc2,0.15,2254,7.557340145111084,10.409955024719238,7.8876875877380375,2.8526148796081543,0.3303474426269535,0.9253604749787956
only_hi,1,2,hi,hi,enc2,0.2,1472,6.773002624511719,9.420799255371094,7.900587582588196,2.647796630859375,1.1275849580764774,0.8269347958561852
only_hi,1,2,hi,hi,enc2,0.25,855,6.047349452972412,8.82651424407959,7.9094902038574215,2.7791647911071777,1.8621407508850094,0.7661691542288557
only_hi,1,2,hi,hi,enc2,0.3,515,5.43820858001709,8.517854690551758,7.876193833351135,3.079646110534668,2.4379852533340456,0.7585644371941273
only_hi,1,2,hi,hi,enc2,0.4,108,4.30066442489624,8.056777954101562,7.832641577720642,3.7561135292053223,3.5319771528244015,0.7092198581560284
only_hi,1,2,hi,hi,enc2,0.5,52,3.597902536392212,7.987479209899902,7.936519718170166,4.38957667350769,4.338617181777954,0.8596491228070176
only_hi,1,2,hi,hi,enc3,0.15,2334,6.90904426574707,9.935260772705078,7.173248028755188,3.026216506958008,0.2642037630081173,0.9438480594549958
only_hi,1,2,hi,hi,enc3,0.2,1647,6.279117584228516,8.794493675231934,7.176427698135376,2.515376091003418,0.89731011390686,0.8492106695699511
only_hi,1,2,hi,hi,enc3,0.25,1029,5.610605716705322,8.228455543518066,7.196301341056824,2.617849826812744,1.5856956243515015,0.8137755102040817
only_hi,1,2,hi,hi,enc3,0.3,580,4.931527137756348,7.833734035491943,7.160961842536926,2.9022068977355957,2.2294347047805783,0.7758369723435226
only_hi,1,2,hi,hi,enc3,0.4,93,3.7343146800994873,7.305953502655029,7.251720428466797,3.571638822555542,3.5174057483673096,0.7652173913043478
only_hi,1,2,hi,hi,enc3,0.5,38,2.8582489490509033,7.241262912750244,7.008003878593445,4.383013963699341,4.149754929542541,0.8409090909090909
only_hi,1,2,hi,hi,dec0,0.15,2359,8.469206809997559,11.462669372558594,8.708238458633422,2.993462562561035,0.2390316486358639,0.9275720164609054
only_hi,1,2,hi,hi,dec0,0.2,1540,7.811106204986572,10.05269718170166,8.718861961364746,2.241590976715088,0.9077557563781742,0.7837837837837838
only_hi,1,2,hi,hi,dec0,0.25,813,7.17128849029541,9.417628288269043,8.731026649475098,2.246339797973633,1.5597381591796875,0.7046186895810956
only_hi,1,2,hi,hi,dec0,0.3,357,6.739833831787109,9.022576332092285,8.646403741836547,2.282742500305176,1.9065699100494378,0.6348039215686274
only_hi,1,2,hi,hi,dec0,0.4,89,6.401343822479248,8.787185668945312,8.662984895706177,2.3858418464660645,2.2616410732269294,0.72
only_hi,1,2,hi,hi,dec0,0.5,43,5.317810535430908,8.762093544006348,8.634323692321777,3.4442830085754395,3.316513156890869,0.5111111111111111
only_hi,1,2,hi,hi,dec1,0.15,2195,13.3883695602417,17.0022029876709,13.924154281616211,3.613833427429199,0.5357847213745117,0.8865890470030185
only_hi,1,2,hi,hi,dec1,0.2,1374,12.853492736816406,15.120214462280273,13.85337691307068,2.266721725463867,0.9998841762542732,0.7533718689788054
only_hi,1,2,hi,hi,dec1,0.25,811,12.159698486328125,14.71226978302002,13.907985210418701,2.5525712966918945,1.7482867240905762,0.6793650793650794
only_hi,1,2,hi,hi,dec1,0.3,410,11.867585182189941,14.291892051696777,13.981635999679565,2.424306869506836,2.1140508174896233,0.6260330578512396
only_hi,1,2,hi,hi,dec1,0.4,69,11.952522277832031,13.957667350769043,13.846120452880859,2.0051450729370117,1.8935981750488278,0.3333333333333333
only_hi,1,2,hi,hi,dec1,0.5,16,9.946128845214844,13.928512573242188,13.55647177696228,3.9823837280273438,3.610342931747436,0.0
only_hi,1,2,hi,hi,dec2,0.15,2319,11.120478630065918,14.306955337524414,11.39987473487854,3.186476707458496,0.2793961048126228,0.9225322782174095
only_hi,1,2,hi,hi,dec2,0.2,1543,10.636204719543457,12.610325813293457,11.468571949005128,1.97412109375,0.8323672294616706,0.8232860520094563
only_hi,1,2,hi,hi,dec2,0.25,952,10.383419036865234,12.03442096710205,11.462907791137695,1.6510019302368164,1.079488754272461,0.7708138447146866
only_hi,1,2,hi,hi,dec2,0.3,553,10.313623428344727,11.725428581237793,11.4642258644104,1.4118051528930664,1.1506024360656735,0.6860643185298622
only_hi,1,2,hi,hi,dec2,0.4,97,7.458852767944336,11.576475143432617,11.651312828063965,4.117622375488281,4.192460060119629,0.3163265306122449
only_hi,1,2,hi,hi,dec2,0.5,24,6.889577865600586,11.463334083557129,11.140351963043212,4.573756217956543,4.250774097442626,0.6551724137931034
only_hi,1,2,hi,hi,dec3,0.15,2432,8.068899154663086,10.973844528198242,8.21570544242859,2.9049453735351562,0.14680628776550364,0.9689140088817118
only_hi,1,2,hi,hi,dec3,0.2,1816,7.633727550506592,9.630867004394531,8.21177363395691,1.9971394538879395,0.5780460834503174,0.8633572159672467
only_hi,1,2,hi,hi,dec3,0.25,1135,7.067526817321777,9.127418518066406,8.222917079925537,2.059891700744629,1.1553902626037598,0.8107255520504731
only_hi,1,2,hi,hi,dec3,0.3,692,6.6399827003479,8.797294616699219,8.191383504867554,2.1573119163513184,1.5514008045196537,0.7900262467191601
only_hi,1,2,hi,hi,dec3,0.4,266,6.041524887084961,8.466071128845215,8.215518879890443,2.424546241760254,2.1739939928054817,0.764505119453925
only_hi,1,2,hi,hi,dec3,0.5,113,5.278709411621094,8.349700927734375,8.203757047653198,3.0709915161132812,2.9250476360321045,0.6614173228346457
only_hi,2,3,hi,hi,enc0,0.15,2438,5.781325817108154,8.954071044921875,5.930062270164489,3.1727452278137207,0.1487364530563351,0.9626506024096385
only_hi,2,3,hi,hi,enc0,0.2,1619,5.33659029006958,6.957841873168945,5.929788899421692,1.6212515830993652,0.593198609352112,0.8302726766833611
only_hi,2,3,hi,hi,enc0,0.25,853,4.9728312492370605,6.412093639373779,5.927626633644104,1.4392623901367188,0.9547953844070438,0.7577577577577578
only_hi,2,3,hi,hi,enc0,0.3,263,5.005629062652588,6.038654327392578,5.967666339874268,1.0330252647399902,0.9620372772216799,0.4864864864864865
only_hi,2,3,hi,hi,enc0,0.4,34,3.872194528579712,5.960258960723877,6.0645723104476925,2.088064432144165,2.1923777818679806,0.8648648648648649
only_hi,2,3,hi,hi,enc0,0.5,17,3.1268677711486816,5.951282501220703,5.951939868927002,2.8244147300720215,2.82507209777832,0.8947368421052632
only_hi,2,3,hi,hi,enc1,0.15,2310,7.136799335479736,9.841071128845215,7.401215076446533,2.7042717933654785,0.2644157409667969,0.9217785096747633
only_hi,2,3,hi,hi,enc1,0.2,1401,6.589274883270264,8.381966590881348,7.405137896537781,1.792691707611084,0.8158630132675171,0.8008821676118463
only_hi,2,3,hi,hi,enc1,0.25,794,6.138631820678711,7.96840238571167,7.39636116027832,1.829770565032959,1.2577293395996092,0.7832244008714597
only_hi,2,3,hi,hi,enc1,0.3,384,6.104348659515381,7.629688739776611,7.387903690338135,1.5253400802612305,1.283555030822754,0.6385767790262172
only_hi,2,3,hi,hi,enc1,0.4,129,6.970547676086426,7.42372465133667,7.444370698928833,0.45317697525024414,0.4738230228424074,0.5142857142857142
only_hi,2,3,hi,hi,enc1,0.5,53,8.603704452514648,7.375459671020508,7.278688383102417,-1.2282447814941406,-1.3250160694122313,0.7636363636363637
only_hi,2,3,hi,hi,enc2,0.15,2196,7.2934160232543945,10.156018257141113,7.687857365608215,2.8626022338867188,0.39444134235382045,0.9025224454895254
only_hi,2,3,hi,hi,enc2,0.2,1399,6.5406718254089355,9.09796142578125,7.694311666488647,2.5572896003723145,1.1536398410797117,0.8125
only_hi,2,3,hi,hi,enc2,0.25,808,5.7732415199279785,8.589242935180664,7.709957385063172,2.8160014152526855,1.9367158651351932,0.7635206786850477
only_hi,2,3,hi,hi,enc2,0.3,447,5.169375896453857,8.235883712768555,7.799275541305542,3.0665078163146973,2.629899644851685,0.7459165154264973
only_hi,2,3,hi,hi,enc2,0.4,75,4.160975933074951,7.807266712188721,7.677432322502137,3.6462907791137695,3.5164563894271854,0.4409448818897638
only_hi,2,3,hi,hi,enc2,0.5,36,3.127047300338745,7.765674114227295,7.813342428207397,4.63862681388855,4.686295127868652,0.660377358490566
only_hi,2,3,hi,hi,enc3,0.15,2290,6.796329498291016,9.629171371459961,7.087311100959778,2.8328418731689453,0.2909816026687624,0.9379715004191115
only_hi,2,3,hi,hi,enc3,0.2,1596,6.157588958740234,8.647260665893555,7.092335605621338,2.4896717071533203,0.9347466468811039,0.8552631578947368
only_hi,2,3,hi,hi,enc3,0.25,972,5.515023231506348,8.06225872039795,7.094172811508178,2.5472354888916016,1.5791495800018307,0.8157894736842105
only_hi,2,3,hi,hi,enc3,0.3,541,4.930258750915527,7.675185680389404,7.089984774589539,2.744926929473877,2.1597260236740112,0.7543035993740219
only_hi,2,3,hi,hi,enc3,0.4,79,3.7284586429595947,7.202306270599365,7.1460576295852665,3.4738476276397705,3.4175989866256717,0.7029702970297029
only_hi,2,3,hi,hi,enc3,0.5,35,2.790372133255005,7.154775619506836,7.098552560806274,4.364403486251831,4.308180427551269,0.825
only_hi,2,3,hi,hi,dec0,0.15,2390,8.200754165649414,10.647643089294434,8.357608366012574,2.4468889236450195,0.1568542003631599,0.9383673469387755
only_hi,2,3,hi,hi,dec0,0.2,1623,7.591767311096191,9.699530601501465,8.389086484909058,2.1077632904052734,0.7973191738128662,0.7900396151669496
only_hi,2,3,hi,hi,dec0,0.25,847,7.149910926818848,8.963178634643555,8.377171087265015,1.813267707824707,1.2272601604461677,0.6973415132924335
only_hi,2,3,hi,hi,dec0,0.3,344,6.851479530334473,8.597919464111328,8.333641028404235,1.7464399337768555,1.4821614980697628,0.5968109339407744
only_hi,2,3,hi,hi,dec0,0.4,103,6.850010395050049,8.426678657531738,8.43477816581726,1.5766682624816895,1.5847677707672112,0.7454545454545455
only_hi,2,3,hi,hi,dec0,0.5,42,5.901894569396973,8.404296875,8.164752078056335,2.5024023056030273,2.262857508659362,0.7708333333333334
only_hi,2,3,hi,hi,dec1,0.15,2217,12.76720142364502,15.768555641174316,13.176471376419068,3.001354217529297,0.4092699527740482,0.8927498927498928
only_hi,2,3,hi,hi,dec1,0.2,1405,12.177774429321289,14.375521659851074,13.175016689300538,2.197747230529785,0.9972422599792488,0.789439793947199
only_hi,2,3,hi,hi,dec1,0.25,803,11.822221755981445,13.785005569458008,13.178106260299682,1.9627838134765625,1.3558845043182366,0.7097457627118644
only_hi,2,3,hi,hi,dec1,0.3,423,11.79870319366455,13.440640449523926,13.112879180908203,1.641937255859375,1.3141759872436527,0.676056338028169
only_hi,2,3,hi,hi,dec1,0.4,125,10.72136402130127,13.295001983642578,13.156461000442505,2.5736379623413086,2.4350969791412354,0.375886524822695
only_hi,2,3,hi,hi,dec1,0.5,15,8.665459632873535,13.195882797241211,12.682329654693604,4.530423164367676,4.016870021820068,0.7222222222222222
only_hi,2,3,hi,hi,dec2,0.15,2294,11.13025188446045,13.403913497924805,11.354752206802369,2.2736616134643555,0.2245003223419193,0.9285117056856187
only_hi,2,3,hi,hi,dec2,0.2,1520,10.821399688720703,12.163183212280273,11.3707115650177,1.3417835235595703,0.5493118762969971,0.8275656324582339
only_hi,2,3,hi,hi,dec2,0.25,937,10.534557342529297,11.8468017578125,11.352866840362548,1.3122444152832031,0.8183094978332512,0.7922201138519924
only_hi,2,3,hi,hi,dec2,0.3,589,10.468589782714844,11.6348237991333,11.250832319259644,1.166234016418457,0.7822425365447998,0.6868537666174298
only_hi,2,3,hi,hi,dec2,0.4,181,10.34502124786377,11.44421672821045,11.340677452087402,1.0991954803466797,0.9956562042236321,0.3175355450236967
only_hi,2,3,hi,hi,dec2,0.5,28,6.918033599853516,11.415693283081055,11.451179361343383,4.497659683227539,4.533145761489868,0.5757575757575758
only_hi,2,3,hi,hi,dec3,0.15,2438,7.93336296081543,10.402188301086426,8.05035080909729,2.468825340270996,0.1169878482818607,0.9589702333065165
only_hi,2,3,hi,hi,dec3,0.2,1812,7.516420364379883,9.34605884552002,8.054639506340028,1.8296384811401367,0.5382191419601448,0.8749354005167959
only_hi,2,3,hi,hi,dec3,0.25,1139,7.021859169006348,8.875937461853027,8.034967637062072,1.8540782928466797,1.0131084680557247,0.8235765838011226
only_hi,2,3,hi,hi,dec3,0.3,697,6.538826942443848,8.616769790649414,8.030182337760925,2.0779428482055664,1.4913553953170773,0.792258064516129
only_hi,2,3,hi,hi,dec3,0.4,273,5.951579570770264,8.301629066467285,8.02155385017395,2.3500494956970215,2.069974279403686,0.75
only_hi,2,3,hi,hi,dec3,0.5,123,5.3010478019714355,8.189812660217285,8.058655595779419,2.8887648582458496,2.757607793807983,0.6737588652482269
only_hi,3,4,hi,hi,enc0,0.15,2427,5.58685827255249,8.15398120880127,5.724884724617004,2.5671229362487793,0.1380264520645138,0.954600241060667
only_hi,3,4,hi,hi,enc0,0.2,1562,5.180182933807373,6.5654706954956055,5.72257821559906,1.3852877616882324,0.5423952817916868,0.8063600227143668
only_hi,3,4,hi,hi,enc0,0.25,822,4.742785453796387,6.182517051696777,5.725517535209656,1.4397315979003906,0.9827320814132694,0.7668776371308017
only_hi,3,4,hi,hi,enc0,0.3,244,4.357405185699463,5.863807678222656,5.653462195396424,1.5064024925231934,1.2960570096969608,0.2457002457002457
only_hi,3,4,hi,hi,enc0,0.4,33,3.496551275253296,5.749267578125,5.762603116035462,2.252716302871704,2.2660518407821657,0.7631578947368421
only_hi,3,4,hi,hi,enc0,0.5,18,3.2356889247894287,5.73782205581665,5.8293826341629025,2.5021331310272217,2.5936937093734738,0.8421052631578947
only_hi,3,4,hi,hi,enc1,0.15,2278,6.9487457275390625,9.388222694396973,7.210405683517456,2.43947696685791,0.2616599559783932,0.9100749375520399
only_hi,3,4,hi,hi,enc1,0.2,1323,6.482487678527832,8.003549575805664,7.219573616981506,1.521061897277832,0.7370859384536743,0.7827225130890052
only_hi,3,4,hi,hi,enc1,0.25,772,6.1415019035339355,7.682036876678467,7.185329604148865,1.5405349731445312,1.043827700614929,0.7755102040816326
only_hi,3,4,hi,hi,enc1,0.3,393,5.955082416534424,7.446411609649658,7.184427690505982,1.4913291931152344,1.2293452739715578,0.6496815286624203
only_hi,3,4,hi,hi,enc1,0.4,82,7.916172981262207,7.194348335266113,7.199282336235046,-0.7218246459960938,-0.7168906450271608,0.5179856115107914
only_hi,3,4,hi,hi,enc1,0.5,44,4.7216620445251465,7.2611165046691895,7.358900237083435,2.539454460144043,2.6372381925582884,0.6724137931034483
only_hi,3,4,hi,hi,enc2,0.15,2199,7.163034915924072,10.0819673538208,7.578625273704529,2.9189324378967285,0.4155903577804567,0.9034213945430922
only_hi,3,4,hi,hi,enc2,0.2,1355,6.367824554443359,8.931702613830566,7.57208902835846,2.563878059387207,1.2042644739151003,0.8250497017892644
only_hi,3,4,hi,hi,enc2,0.25,760,5.711225509643555,8.361429214477539,7.5838042259216305,2.6502037048339844,1.8725787162780758,0.7757644394110985
only_hi,3,4,hi,hi,enc2,0.3,440,5.127209186553955,8.082609176635742,7.556928491592407,2.955399990081787,2.429719305038452,0.735812133072407
only_hi,3,4,hi,hi,enc2,0.4,59,3.9956908226013184,7.659079551696777,7.3697768449783325,3.663388729095459,3.374086022377014,0.675
only_hi,3,4,hi,hi,enc2,0.5,35,2.9186999797821045,7.639187812805176,7.582776713371277,4.720487833023071,4.664076733589172,0.918918918918919
only_hi,3,4,hi,hi,enc3,0.15,2260,6.668211460113525,9.513644218444824,7.004442811012268,2.845432758331299,0.3362313508987427,0.9287833827893175
only_hi,3,4,hi,hi,enc3,0.2,1569,6.0343708992004395,8.533121109008789,7.002350664138794,2.4987502098083496,0.9679797649383541,0.8573943661971831
only_hi,3,4,hi,hi,enc3,0.25,932,5.385774612426758,7.926725387573242,6.975059175491333,2.5409507751464844,1.5892845630645756,0.8150619637750238
only_hi,3,4,hi,hi,enc3,0.3,478,4.808365821838379,7.50521183013916,7.032123923301697,2.6968460083007812,2.223758101463318,0.7478559176672385
only_hi,3,4,hi,hi,enc3,0.4,83,3.6137161254882812,7.115184783935547,6.986306691169739,3.5014686584472656,3.372590565681458,0.6701030927835051
only_hi,3,4,hi,hi,enc3,0.5,30,2.6810789108276367,7.052893161773682,6.993909573554992,4.371814250946045,4.312830662727356,0.7567567567567568
only_hi,3,4,hi,hi,dec0,0.15,2411,8.11963176727295,10.872114181518555,8.276010990142822,2.7524824142456055,0.15637922286987305,0.9437246963562753
only_hi,3,4,hi,hi,dec0,0.2,1613,7.5792317390441895,9.473155975341797,8.274860095977782,1.8939242362976074,0.695628356933593,0.7937915742793792
only_hi,3,4,hi,hi,dec0,0.25,903,7.046627521514893,8.951886177062988,8.243374109268188,1.9052586555480957,1.196746587753296,0.7292490118577075
only_hi,3,4,hi,hi,dec0,0.3,369,6.95372200012207,8.503174781799316,8.239830017089844,1.549452781677246,1.2861080169677734,0.6353211009174312
only_hi,3,4,hi,hi,dec0,0.4,90,6.316763877868652,8.351365089416504,8.245259189605713,2.0346012115478516,1.928495311737061,0.6637931034482759
only_hi,3,4,hi,hi,dec0,0.5,41,5.176544189453125,8.33034610748291,8.34081199169159,3.153801918029785,3.1642678022384647,0.7291666666666666
only_hi,3,4,hi,hi,dec1,0.15,2245,12.934293746948242,16.040002822875977,13.321191310882568,3.1057090759277344,0.38689756393432617,0.8874788494077834
only_hi,3,4,hi,hi,dec1,0.2,1444,12.3349027633667,14.58646297454834,13.314119243621827,2.2515602111816406,0.9792164802551273,0.7728686994399502
only_hi,3,4,hi,hi,dec1,0.25,839,11.732705116271973,14.08852481842041,13.318677854537963,2.3558197021484375,1.5859727382659905,0.7193717277486911
only_hi,3,4,hi,hi,dec1,0.3,451,11.614056587219238,13.680489540100098,13.35375747680664,2.0664329528808594,1.739700889587402,0.6937984496124031
only_hi,3,4,hi,hi,dec1,0.4,102,12.21948528289795,13.36196231842041,13.404192543029785,1.142477035522461,1.1847072601318356,0.40993788819875776
only_hi,3,4,hi,hi,dec1,0.5,34,9.620285034179688,13.366191864013672,13.403867101669311,3.7459068298339844,3.7835820674896237,0.4411764705882353
only_hi,3,4,hi,hi,dec2,0.15,2303,10.66686725616455,12.977584838867188,10.921709775924683,2.3107175827026367,0.25484251976013184,0.9290809903483005
only_hi,3,4,hi,hi,dec2,0.2,1523,10.38893985748291,11.647714614868164,10.926265907287597,1.258774757385254,0.5373260498046868,0.8145497912939773
only_hi,3,4,hi,hi,dec2,0.25,960,10.273405075073242,11.274104118347168,10.954625368118286,1.0006990432739258,0.681220293045044,0.7947019867549668
only_hi,3,4,hi,hi,dec2,0.3,591,10.151477813720703,11.123165130615234,10.939084577560426,0.9716873168945312,0.7876067638397224,0.6905444126074498
only_hi,3,4,hi,hi,dec2,0.4,186,9.822219848632812,10.983194351196289,10.940555095672607,1.1609745025634766,1.118335247039795,0.6457399103139013
only_hi,3,4,hi,hi,dec2,0.5,23,5.917374610900879,10.944003105163574,11.069282627105713,5.026628494262695,5.151908016204834,0.6451612903225806
only_hi,3,4,hi,hi,dec3,0.15,2436,7.599331378936768,10.351749420166016,7.734490251541137,2.752418041229248,0.13515887260436976,0.9661153691004437
only_hi,3,4,hi,hi,dec3,0.2,1796,7.186146259307861,9.017369270324707,7.731240439414978,1.8312230110168457,0.5450941801071165,0.8733125649013499
only_hi,3,4,hi,hi,dec3,0.25,1134,6.74551248550415,8.517655372619629,7.707782793045044,1.7721428871154785,0.9622703075408934,0.8404858299595142
only_hi,3,4,hi,hi,dec3,0.3,705,6.280034065246582,8.284724235534668,7.706994557380677,2.004690170288086,1.4269604921340946,0.8207792207792208
only_hi,3,4,hi,hi,dec3,0.4,274,5.629131317138672,7.984779357910156,7.739862942695618,2.3556480407714844,2.110731625556946,0.7476038338658147
only_hi,3,4,hi,hi,dec3,0.5,119,5.060626029968262,7.862914562225342,7.718111562728882,2.80228853225708,2.65748553276062,0.7410071942446043
only_hi,4,5,hi,hi,enc0,0.15,2396,5.402731418609619,7.801546096801758,5.557196712493896,2.3988146781921387,0.154465293884277,0.9471134436818732
only_hi,4,5,hi,hi,enc0,0.2,1530,5.018218994140625,6.3558478355407715,5.550446462631226,1.3376288414001465,0.5322274684906008,0.8029154518950438
only_hi,4,5,hi,hi,enc0,0.25,788,4.70136833190918,5.936635971069336,5.571893405914307,1.2352676391601562,0.8705250740051271,0.7988826815642458
only_hi,4,5,hi,hi,enc0,0.3,132,3.7606041431427,5.6540350914001465,5.538691520690918,1.8934309482574463,1.7780873775482178,0.3192982456140351
only_hi,4,5,hi,hi,enc0,0.4,38,3.645362138748169,5.58519983291626,5.61148579120636,1.9398376941680908,1.966123652458191,0.8205128205128205
only_hi,4,5,hi,hi,enc0,0.5,18,2.8111982345581055,5.5758442878723145,5.450284218788147,2.764646053314209,2.639085984230041,0.8947368421052632
only_hi,4,5,hi,hi,enc1,0.15,2266,6.724478244781494,9.059043884277344,6.9898111581802365,2.3345656394958496,0.2653329133987423,0.9084418311633767
only_hi,4,5,hi,hi,enc1,0.2,1295,6.227968215942383,7.7753424644470215,6.9919209480285645,1.5473742485046387,0.7639527320861816,0.8005502063273727
only_hi,4,5,hi,hi,enc1,0.25,766,5.878823280334473,7.468143463134766,7.009538364410401,1.589320182800293,1.130715084075928,0.7883720930232558
only_hi,4,5,hi,hi,enc1,0.3,411,5.693766117095947,7.24099063873291,7.004917645454407,1.547224521636963,1.3111515283584598,0.6475409836065574
only_hi,4,5,hi,hi,enc1,0.4,115,6.167807102203369,7.031382083892822,6.9402464628219604,0.8635749816894531,0.7724393606185913,0.5271317829457365
only_hi,4,5,hi,hi,enc1,0.5,42,4.913958549499512,7.0272603034973145,7.01469931602478,2.1133017539978027,2.100740766525268,0.7551020408163265
only_hi,4,5,hi,hi,enc2,0.15,2129,7.1716227531433105,10.122074127197266,7.67611186504364,2.950451374053955,0.5044891119003294,0.9007465963987703
only_hi,4,5,hi,hi,enc2,0.2,1318,6.430139541625977,8.982346534729004,7.647040677070618,2.5522069931030273,1.2169011354446413,0.8270676691729323
only_hi,4,5,hi,hi,enc2,0.25,750,5.630204200744629,8.512896537780762,7.6539034128189085,2.882692337036133,2.0236992120742796,0.7869822485207101
only_hi,4,5,hi,hi,enc2,0.3,396,5.21268367767334,8.117733001708984,7.677851986885071,2.9050493240356445,2.465168309211731,0.7489539748953975
only_hi,4,5,hi,hi,enc2,0.4,52,4.308981895446777,7.738009929656982,7.749707555770874,3.429028034210205,3.4407256603240963,0.7903225806451613
only_hi,4,5,hi,hi,enc2,0.5,31,3.1730501651763916,7.723460674285889,7.969055891036987,4.550410509109497,4.796005725860596,0.8857142857142857
only_hi,4,5,hi,hi,enc3,0.15,2217,6.620363235473633,9.276511192321777,6.980950117111206,2.6561479568481445,0.36058688163757324,0.9222842421640189
only_hi,4,5,hi,hi,enc3,0.2,1522,5.982912063598633,8.43275260925293,6.987131428718567,2.449840545654297,1.0042193651199343,0.8453731343283583
only_hi,4,5,hi,hi,enc3,0.25,882,5.305870056152344,7.854238510131836,6.982901906967163,2.548368453979492,1.677031850814819,0.7960396039603961
only_hi,4,5,hi,hi,enc3,0.3,484,4.818858623504639,7.479220390319824,6.961728596687317,2.6603617668151855,2.1428699731826786,0.7881040892193308
only_hi,4,5,hi,hi,enc3,0.4,72,3.637333393096924,7.07287073135376,6.9190552711486815,3.435537338256836,3.2817218780517576,0.7415730337078652
only_hi,4,5,hi,hi,enc3,0.5,29,2.511225700378418,7.027406215667725,6.91442379951477,4.516180515289307,4.403198099136352,0.7352941176470589
only_hi,4,5,hi,hi,dec0,0.15,2416,7.970974922180176,10.419783592224121,8.118730592727662,2.4488086700439453,0.14775567054748606,0.9534601375961149
only_hi,4,5,hi,hi,dec0,0.2,1667,7.519840240478516,9.208003997802734,8.111122512817383,1.6881637573242188,0.5912822723388675,0.8002195389681669
only_hi,4,5,hi,hi,dec0,0.25,914,7.031195640563965,8.707053184509277,8.110251808166504,1.6758575439453125,1.0790561676025394,0.7404214559386973
only_hi,4,5,hi,hi,dec0,0.3,399,6.830801486968994,8.344670295715332,8.077581453323365,1.513868808746338,1.2467799663543708,0.6516129032258065
only_hi,4,5,hi,hi,dec0,0.4,97,6.549964427947998,8.170108795166016,8.141259908676147,1.6201443672180176,1.5912954807281494,0.7
only_hi,4,5,hi,hi,dec0,0.5,45,5.543783187866211,8.154613494873047,7.9965451717376705,2.610830307006836,2.4527619838714596,0.7916666666666666
only_hi,4,5,hi,hi,dec1,0.15,2257,12.952322959899902,15.356440544128418,13.238309192657471,2.4041175842285156,0.28598623275756907,0.8971765697429415
only_hi,4,5,hi,hi,dec1,0.2,1414,12.316506385803223,14.372477531433105,13.260553550720214,2.055971145629883,0.9440471649169915,0.7566072526121697
only_hi,4,5,hi,hi,dec1,0.25,843,11.901097297668457,13.892704963684082,13.194889783859253,1.991607666015625,1.293792486190796,0.7448132780082988
only_hi,4,5,hi,hi,dec1,0.3,435,11.555008888244629,13.581162452697754,13.29222593307495,2.026153564453125,1.737217044830322,0.6286764705882353
only_hi,4,5,hi,hi,dec1,0.4,99,12.53010368347168,13.265305519104004,13.153439044952393,0.7352018356323242,0.6233353614807129,0.5581395348837209
only_hi,4,5,hi,hi,dec1,0.5,22,10.315679550170898,13.262195587158203,13.61390995979309,2.9465160369873047,3.2982304096221924,0.4
only_hi,4,5,hi,hi,dec2,0.15,2280,10.744718551635742,13.229177474975586,11.011508989334107,2.4844589233398438,0.26679043769836497,0.9256302521008404
only_hi,4,5,hi,hi,dec2,0.2,1503,10.525117874145508,11.71511173248291,11.039857149124146,1.1899938583374023,0.5147392749786377,0.8108916816277678
only_hi,4,5,hi,hi,dec2,0.25,956,10.349846839904785,11.413761138916016,11.015878391265868,1.0639142990112305,0.6660315513610833,0.7707948243992606
only_hi,4,5,hi,hi,dec2,0.3,618,10.336310386657715,11.23289680480957,11.058036518096923,0.8965864181518555,0.7217261314392083,0.7296137339055794
only_hi,4,5,hi,hi,dec2,0.4,217,9.718770027160645,11.136642456054688,10.893770933151245,1.417872428894043,1.1750009059906006,0.57421875
only_hi,4,5,hi,hi,dec2,0.5,25,6.80503511428833,11.057988166809082,11.180223941802979,4.252953052520752,4.375188827514648,0.5483870967741935
only_hi,4,5,hi,hi,dec3,0.15,2434,7.912715911865234,10.659391403198242,8.04891676902771,2.746675491333008,0.13620085716247488,0.9613370922271446
only_hi,4,5,hi,hi,dec3,0.2,1803,7.57278299331665,9.179533958435059,8.057855105400085,1.6067509651184082,0.4850721120834347,0.8705821205821206
only_hi,4,5,hi,hi,dec3,0.25,1161,7.20230770111084,8.749646186828613,8.032226586341858,1.5473384857177734,0.8299188852310184,0.8243243243243243
only_hi,4,5,hi,hi,dec3,0.3,753,6.725976467132568,8.59876823425293,8.037118864059448,1.8727917671203613,1.3111423969268792,0.7737226277372263
only_hi,4,5,hi,hi,dec3,0.4,323,5.992532730102539,8.34467887878418,8.021146607398986,2.3521461486816406,2.028613877296447,0.750733137829912
only_hi,4,5,hi,hi,dec3,0.5,152,5.3855109214782715,8.215962409973145,8.014596247673035,2.830451488494873,2.6290853261947635,0.69375
only_hi,5,6,hi,hi,enc0,0.15,2372,5.280533790588379,7.541452884674072,5.447024345397949,2.2609190940856934,0.1664905548095703,0.9437423562984101
only_hi,5,6,hi,hi,enc0,0.2,1499,4.894052982330322,6.227175712585449,5.442426490783691,1.333122730255127,0.548373508453369,0.8019036287923855
only_hi,5,6,hi,hi,enc0,0.25,761,4.459824562072754,5.863976001739502,5.444470930099487,1.404151439666748,0.9846463680267332,0.8074679113185531
only_hi,5,6,hi,hi,enc0,0.3,115,3.6678338050842285,5.5302324295043945,5.477029752731323,1.862398624420166,1.809195947647095,0.5935483870967742
only_hi,5,6,hi,hi,enc0,0.4,33,3.0076498985290527,5.478419780731201,5.371699094772339,2.4707698822021484,2.364049196243286,0.8205128205128205
only_hi,5,6,hi,hi,enc0,0.5,17,2.5818283557891846,5.465721130371094,5.316839671134948,2.883892774581909,2.735011315345764,0.9444444444444444
only_hi,5,6,hi,hi,enc1,0.15,2211,6.7240424156188965,9.039113998413086,7.039113450050354,2.3150715827941895,0.31507103443145734,0.9034863945578231
only_hi,5,6,hi,hi,enc1,0.2,1199,6.207894325256348,7.772404193878174,7.037286949157715,1.5645098686218262,0.8293926239013674,0.7827019299499642
only_hi,5,6,hi,hi,enc1,0.25,718,5.863589286804199,7.498073577880859,7.0678199291229244,1.6344842910766602,1.2042306423187252,0.7603795966785291
only_hi,5,6,hi,hi,enc1,0.3,309,6.041567802429199,7.176661014556885,6.989345860481262,1.1350932121276855,0.9477780580520632,0.6035634743875279
only_hi,5,6,hi,hi,enc1,0.4,78,8.568160057067871,6.991616249084473,7.069509243965149,-1.5765438079833984,-1.4986508131027225,0.5564516129032258
only_hi,5,6,hi,hi,enc1,0.5,43,5.444435119628906,7.066904544830322,6.982467198371888,1.622469425201416,1.5380320787429813,0.8478260869565217
only_hi,5,6,hi,hi,enc2,0.15,2077,6.933188438415527,9.71759033203125,7.465870904922485,2.7844018936157227,0.5326824665069578,0.8835647111509181
only_hi,5,6,hi,hi,enc2,0.2,1259,6.114659309387207,8.759010314941406,7.489693713188172,2.644351005554199,1.3750344038009645,0.8147887323943662
only_hi,5,6,hi,hi,enc2,0.25,658,5.423829078674316,8.162433624267578,7.465745806694031,2.7386045455932617,2.0419167280197144,0.76
only_hi,5,6,hi,hi,enc2,0.3,394,4.9315185546875,7.91819429397583,7.43012568950653,2.98667573928833,2.4986071348190304,0.767337807606264
only_hi,5,6,hi,hi,enc2,0.4,53,4.181331157684326,7.5278096199035645,7.346470022201538,3.3464784622192383,3.1651388645172123,0.7796610169491526
only_hi,5,6,hi,hi,enc2,0.5,36,3.266387462615967,7.518319606781006,7.164042186737061,4.251932144165039,3.897654724121094,0.717948717948718
only_hi,5,6,hi,hi,enc3,0.15,2176,6.5836076736450195,9.072359085083008,6.948473668098449,2.4887514114379883,0.3648659944534298,0.9200174825174825
only_hi,5,6,hi,hi,enc3,0.2,1434,5.912967681884766,8.286431312561035,6.9606365442276,2.3734636306762695,1.0476688623428343,0.8394523957685127
only_hi,5,6,hi,hi,enc3,0.25,865,5.344771385192871,7.77963924407959,6.96742889881134,2.4348678588867188,1.6226575136184689,0.7826530612244897
only_hi,5,6,hi,hi,enc3,0.3,467,4.795122146606445,7.439271450042725,6.948672723770142,2.6441493034362793,2.1535505771636965,0.7875939849624061
only_hi,5,6,hi,hi,enc3,0.4,65,3.6198556423187256,7.043858051300049,6.977558159828186,3.4240024089813232,3.357702517509461,0.8026315789473685
only_hi,5,6,hi,hi,enc3,0.5,27,2.7877037525177,7.001360893249512,6.989283967018127,4.2136571407318115,4.201580214500427,0.75
only_hi,5,6,hi,hi,dec0,0.15,2433,8.171600341796875,10.629494667053223,8.291166687011719,2.4578943252563477,0.1195663452148441,0.9497386409328509
only_hi,5,6,hi,hi,dec0,0.2,1664,7.575493335723877,9.627041816711426,8.281977462768555,2.051548480987549,0.7064841270446784,0.8122959738846572
only_hi,5,6,hi,hi,dec0,0.25,877,6.97113037109375,8.982629776000977,8.292001152038575,2.0114994049072266,1.3208707809448246,0.7371483996120272
only_hi,5,6,hi,hi,dec0,0.3,403,6.442662715911865,8.639339447021484,8.23209731578827,2.196676731109619,1.7894345998764045,0.7247311827956989
only_hi,5,6,hi,hi,dec0,0.4,98,6.4726176261901855,8.366016387939453,8.336866283416748,1.8933987617492676,1.8642486572265629,0.7256637168141593
only_hi,5,6,hi,hi,dec0,0.5,43,5.087921619415283,8.348299026489258,8.229105234146118,3.2603774070739746,3.141183614730835,0.7959183673469388
only_hi,5,6,hi,hi,dec1,0.15,2272,13.065014839172363,14.898579597473145,13.288961267471313,1.8335647583007812,0.22394642829894984,0.899748322147651
only_hi,5,6,hi,hi,dec1,0.2,1428,12.497599601745605,14.247291564941406,13.24610424041748,1.7496919631958008,0.748504638671875,0.7564894932014833
only_hi,5,6,hi,hi,dec1,0.25,849,12.241532325744629,13.782258987426758,13.32741289138794,1.540726661682129,1.0858805656433113,0.72829417773238
only_hi,5,6,hi,hi,dec1,0.3,453,11.766474723815918,13.594822883605957,13.332006597518921,1.828348159790039,1.5655318737030033,0.6383763837638377
only_hi,5,6,hi,hi,dec1,0.4,139,11.559709548950195,13.369560241699219,13.443892621994019,1.8098506927490234,1.8841830730438236,0.44242424242424244
only_hi,5,6,hi,hi,dec1,0.5,35,11.353673934936523,13.297871589660645,13.302001905441283,1.944197654724121,1.94832797050476,0.5
only_hi,5,6,hi,hi,dec2,0.15,2294,10.723638534545898,12.443832397460938,10.910799837112426,1.720193862915039,0.18716130256652797,0.9218487394957983
only_hi,5,6,hi,hi,dec2,0.2,1495,10.228357315063477,11.848536491394043,10.877630424499511,1.6201791763305664,0.6492731094360344,0.8082026537997588
only_hi,5,6,hi,hi,dec2,0.25,954,10.203402519226074,11.317584037780762,10.875013732910157,1.1141815185546875,0.6716112136840824,0.8001885014137606
only_hi,5,6,hi,hi,dec2,0.3,613,10.359487533569336,11.07330322265625,10.937919235229492,0.7138156890869141,0.5784317016601559,0.7387005649717514
only_hi,5,6,hi,hi,dec2,0.4,196,10.309287071228027,10.951550483703613,10.707263326644897,0.6422634124755859,0.39797625541686976,0.5884615384615385
only_hi,5,6,hi,hi,dec2,0.5,23,6.303498268127441,10.944070816040039,10.821307039260864,4.640572547912598,4.5178087711334225,0.6551724137931034
only_hi,5,6,hi,hi,dec3,0.15,2439,7.747373580932617,10.450800895690918,7.879067897796631,2.703427314758301,0.13169431686401367,0.9633360193392425
only_hi,5,6,hi,hi,dec3,0.2,1809,7.358870506286621,9.118767738342285,7.875642108917236,1.759897232055664,0.5167716026306151,0.8744161909704203
only_hi,5,6,hi,hi,dec3,0.25,1162,6.952495574951172,8.642054557800293,7.884892201423645,1.689558982849121,0.9323966264724728,0.8120124804992199
only_hi,5,6,hi,hi,dec3,0.3,754,6.458516597747803,8.466595649719238,7.883727264404297,2.0080790519714355,1.4252106666564943,0.8026315789473685
only_hi,5,6,hi,hi,dec3,0.4,304,5.5904765129089355,8.183016777038574,7.829231214523316,2.5925402641296387,2.23875470161438,0.8173913043478261
only_hi,5,6,hi,hi,dec3,0.5,144,4.975962162017822,8.047953605651855,7.982852649688721,3.071991443634033,3.0068904876708986,0.7619047619047619
only_hi,6,7,hi,hi,enc0,0.15,2365,5.138631343841553,7.320735931396484,5.3073913812637326,2.1821045875549316,0.16876003742217982,0.9405981155264236
only_hi,6,7,hi,hi,enc0,0.2,1493,4.752487659454346,6.077734470367432,5.3009121179580685,1.325246810913086,0.5484244585037228,0.8024096385542169
only_hi,6,7,hi,hi,enc0,0.25,737,4.392580032348633,5.673656463623047,5.309632301330566,1.281076431274414,0.9170522689819336,0.768595041322314
only_hi,6,7,hi,hi,enc0,0.3,178,4.414113521575928,5.371408462524414,5.245749831199646,0.9572949409484863,0.8316363096237183,0.0
only_hi,6,7,hi,hi,enc0,0.4,30,2.746929883956909,5.335177421569824,5.165647745132446,2.588247537612915,2.418717861175537,0.8
only_hi,6,7,hi,hi,enc0,0.5,17,2.5387980937957764,5.323338031768799,5.246542119979859,2.7845399379730225,2.7077440261840824,1.0
only_hi,6,7,hi,hi,enc1,0.15,2227,6.674251556396484,8.616342544555664,6.928503298759461,1.9420909881591797,0.25425174236297643,0.9014567266495287
only_hi,6,7,hi,hi,enc1,0.2,1194,6.1655402183532715,7.592345714569092,6.929926562309265,1.4268054962158203,0.7643863439559935,0.8033157498116051
only_hi,6,7,hi,hi,enc1,0.25,690,5.8583478927612305,7.321145057678223,6.926118779182434,1.4627971649169922,1.0677708864212034,0.7936305732484077
only_hi,6,7,hi,hi,enc1,0.3,326,5.768198490142822,7.095956325531006,6.978566336631775,1.3277578353881836,1.2103678464889525,0.6198979591836735
only_hi,6,7,hi,hi,enc1,0.4,55,5.030073165893555,6.9685211181640625,6.9721914768219,1.9384479522705078,1.942118310928345,0.6419753086419753
only_hi,6,7,hi,hi,enc1,0.5,33,3.9536068439483643,6.965703010559082,6.816548538208008,3.0120961666107178,2.8629416942596437,0.7674418604651163
only_hi,6,7,hi,hi,enc2,0.15,2097,7.018424034118652,9.830156326293945,7.529848718643189,2.811732292175293,0.5114246845245365,0.8903985507246377
only_hi,6,7,hi,hi,enc2,0.2,1237,6.226618766784668,8.742757797241211,7.525717687606812,2.516139030456543,1.2990989208221437,0.8021660649819494
only_hi,6,7,hi,hi,enc2,0.25,690,5.573450565338135,8.247762680053711,7.533947539329529,2.674312114715576,1.9604969739913942,0.7949400798934754
only_hi,6,7,hi,hi,enc2,0.3,384,4.987516403198242,7.975087642669678,7.546921277046204,2.9875712394714355,2.559404873847962,0.7681818181818182
only_hi,6,7,hi,hi,enc2,0.4,45,3.939906597137451,7.5911335945129395,7.501948499679566,3.6512269973754883,3.5620419025421146,0.8148148148148148
only_hi,6,7,hi,hi,enc2,0.5,29,3.0965068340301514,7.577715873718262,7.422043299674987,4.48120903968811,4.325536465644836,0.7105263157894737
only_hi,6,7,hi,hi,enc3,0.15,2163,6.563738822937012,9.17990779876709,6.9727576732635494,2.616168975830078,0.40901885032653773,0.9173663278833407
only_hi,6,7,hi,hi,enc3,0.2,1453,5.947386741638184,8.310965538024902,6.972340106964111,2.3635787963867188,1.0249533653259277,0.8423739629865986
only_hi,6,7,hi,hi,enc3,0.25,807,5.257552623748779,7.757528305053711,6.971162509918213,2.4999756813049316,1.7136098861694338,0.8056155507559395
only_hi,6,7,hi,hi,enc3,0.3,424,4.7188873291015625,7.416190147399902,6.952398705482483,2.69730281829834,2.2335113763809202,0.7749003984063745
only_hi,6,7,hi,hi,enc3,0.4,69,3.710054874420166,7.059733867645264,7.086995053291321,3.3496789932250977,3.3769401788711546,0.8611111111111112
only_hi,6,7,hi,hi,enc3,0.5,30,2.8676979541778564,7.018086910247803,6.881718039512634,4.150388956069946,4.014020085334778,0.7272727272727273
only_hi,6,7,hi,hi,dec0,0.15,2421,7.704804420471191,11.126420021057129,7.891028261184692,3.4216156005859375,0.18622384071350062,0.9556809024979855
only_hi,6,7,hi,hi,dec0,0.2,1699,7.311068058013916,9.034147262573242,7.873825287818908,1.7230792045593262,0.5627572298049923,0.8158747300215983
only_hi,6,7,hi,hi,dec0,0.25,896,7.013472080230713,8.362882614135742,7.902384614944458,1.3494105339050293,0.8889125347137448,0.7433628318584071
only_hi,6,7,hi,hi,dec0,0.3,383,6.90106725692749,8.064675331115723,7.928116416931152,1.1636080741882324,1.0270491600036618,0.6547368421052632
only_hi,6,7,hi,hi,dec0,0.4,104,6.591811656951904,7.945584774017334,8.054952216148376,1.3537731170654297,1.4631405591964715,0.6422764227642277
only_hi,6,7,hi,hi,dec0,0.5,28,5.478448390960693,7.917263031005859,7.928140115737915,2.438814640045166,2.449691724777222,0.4791666666666667
only_hi,6,7,hi,hi,dec1,0.15,2300,12.754239082336426,13.989240646362305,12.860208368301391,1.235001564025879,0.10596928596496547,0.9065888240200167
only_hi,6,7,hi,hi,dec1,0.2,1466,12.256861686706543,13.714253425598145,12.921462345123292,1.4573917388916016,0.6646006584167488,0.7657107992678462
only_hi,6,7,hi,hi,dec1,0.25,875,12.057467460632324,13.306628227233887,12.858237695693969,1.2491607666015625,0.8007702350616448,0.7274549098196392
only_hi,6,7,hi,hi,dec1,0.3,453,12.023791313171387,13.063680648803711,12.930290222167969,1.0398893356323242,0.906498908996582,0.6353790613718412
only_hi,6,7,hi,hi,dec1,0.4,151,11.512777328491211,12.965347290039062,12.89601697921753,1.4525699615478516,1.3832396507263187,0.5846994535519126
only_hi,6,7,hi,hi,dec1,0.5,40,10.025816917419434,12.924967765808105,13.043735647201538,2.899150848388672,3.017918729782105,0.5
only_hi,6,7,hi,hi,dec2,0.15,2286,10.321425437927246,12.401744842529297,10.556066131591797,2.080319404602051,0.23464069366455043,0.9155165202843998
only_hi,6,7,hi,hi,dec2,0.2,1488,9.99313735961914,11.308830261230469,10.568977975845337,1.3156929016113281,0.5758406162261966,0.8368226600985221
only_hi,6,7,hi,hi,dec2,0.25,967,9.70044231414795,11.056200981140137,10.500901746749879,1.3557586669921875,0.8004594326019294,0.7970065481758652
only_hi,6,7,hi,hi,dec2,0.3,602,9.847640991210938,10.758210182189941,10.560128355026245,0.9105691909790039,0.712487363815308,0.7507204610951008
only_hi,6,7,hi,hi,dec2,0.4,209,9.139731407165527,10.668929100036621,10.55020523071289,1.5291976928710938,1.4104738235473633,0.6007905138339921
only_hi,6,7,hi,hi,dec2,0.5,24,5.720519542694092,10.589733123779297,10.702713584899902,4.869213581085205,4.98219404220581,0.6206896551724138
only_hi,6,7,hi,hi,dec3,0.15,2445,7.644761562347412,10.581521034240723,7.776047158241272,2.9367594718933105,0.13128559589385969,0.9622338288469264
only_hi,6,7,hi,hi,dec3,0.2,1831,7.295740127563477,8.984657287597656,7.778682255744934,1.6889171600341797,0.4829421281814579,0.8753219989696033
only_hi,6,7,hi,hi,dec3,0.25,1178,6.780165672302246,8.626108169555664,7.75975534915924,1.845942497253418,0.9795896768569943,0.8367346938775511
only_hi,6,7,hi,hi,dec3,0.3,762,6.332728385925293,8.388642311096191,7.771057343482971,2.0559139251708984,1.4383289575576779,0.8133971291866029
only_hi,6,7,hi,hi,dec3,0.4,311,5.462518692016602,8.096697807312012,7.80112726688385,2.63417911529541,2.3386085748672487,0.7982456140350878
only_hi,6,7,hi,hi,dec3,0.5,142,4.944259166717529,7.943024158477783,7.757548403739929,2.998764991760254,2.8132892370224,0.6923076923076923
only_hi,7,8,hi,hi,enc0,0.15,2344,5.026551246643066,6.969148635864258,5.188630485534668,1.9425973892211914,0.16207923889160192,0.9418556701030928
only_hi,7,8,hi,hi,enc0,0.2,1478,4.657051086425781,5.919085502624512,5.202015066146851,1.2620344161987305,0.5449639797210697,0.8126906650396584
only_hi,7,8,hi,hi,enc0,0.25,713,4.28138542175293,5.541387557983398,5.201193714141846,1.2600021362304688,0.9198082923889164,0.7747858017135862
only_hi,7,8,hi,hi,enc0,0.3,197,4.271223068237305,5.267093181610107,5.167482709884643,0.9958701133728027,0.8962596416473385,0.7942583732057417
only_hi,7,8,hi,hi,enc0,0.4,40,3.6007614135742188,5.215691566467285,5.203170204162598,1.6149301528930664,1.6024087905883793,0.75
only_hi,7,8,hi,hi,enc0,0.5,17,2.567633628845215,5.207991600036621,5.1221842765808105,2.6403579711914062,2.5545506477355957,0.8888888888888888
only_hi,7,8,hi,hi,enc1,0.15,2179,6.504408836364746,8.49219036102295,6.801668000221253,1.9877815246582031,0.2972591638565065,0.8950537634408602
only_hi,7,8,hi,hi,enc1,0.2,1204,6.036884784698486,7.4780402183532715,6.8079681396484375,1.4411554336547852,0.7710833549499512,0.7828996282527881
only_hi,7,8,hi,hi,enc1,0.25,680,5.730968475341797,7.187007427215576,6.799455165863037,1.4560389518737793,1.0684866905212402,0.7586649550706034
only_hi,7,8,hi,hi,enc1,0.3,303,5.858747482299805,6.926641941070557,6.764187240600586,1.067894458770752,0.9054397583007816,0.7138964577656676
only_hi,7,8,hi,hi,enc1,0.4,72,4.955718040466309,6.853625297546387,6.83688452243805,1.8979072570800781,1.881166481971741,0.5487804878048781
only_hi,7,8,hi,hi,enc1,0.5,37,4.698771953582764,6.8310651779174805,6.778101134300232,2.132293224334717,2.079329180717468,0.8421052631578947
only_hi,7,8,hi,hi,enc2,0.15,2048,6.942216873168945,9.672124862670898,7.489352226257324,2.729907989501953,0.5471353530883789,0.8909671532846716
only_hi,7,8,hi,hi,enc2,0.2,1212,6.159041881561279,8.683256149291992,7.476899361610412,2.524214267730713,1.317857480049133,0.808714918759232
only_hi,7,8,hi,hi,enc2,0.25,666,5.505654335021973,8.185335159301758,7.490862655639648,2.679680824279785,1.9852083206176756,0.7679269882659713
only_hi,7,8,hi,hi,enc2,0.3,367,5.007408142089844,7.903360843658447,7.510924434661865,2.8959527015686035,2.503516292572021,0.7424593967517401
only_hi,7,8,hi,hi,enc2,0.4,38,4.111411094665527,7.5390777587890625,7.486381983757019,3.427666664123535,3.3749708890914913,0.7291666666666666
only_hi,7,8,hi,hi,enc2,0.5,26,3.314896821975708,7.5310187339782715,7.37851300239563,4.2161219120025635,4.063616180419922,0.8333333333333334
only_hi,7,8,hi,hi,enc3,0.15,2135,6.622365951538086,9.510638236999512,7.108588361740113,2.888272285461426,0.4862224102020267,0.9230425055928412
only_hi,7,8,hi,hi,enc3,0.2,1389,5.97209358215332,8.441959381103516,7.104599738121033,2.4698657989501953,1.1325061559677128,0.8466536712150747
only_hi,7,8,hi,hi,enc3,0.25,814,5.344424247741699,7.921198844909668,7.11388897895813,2.5767745971679688,1.7694647312164307,0.8031145717463849
only_hi,7,8,hi,hi,enc3,0.3,409,4.764215469360352,7.5463547706604,7.109359836578369,2.782139301300049,2.3451443672180172,0.7648305084745762
only_hi,7,8,hi,hi,enc3,0.4,61,3.702866792678833,7.18483304977417,7.211265683174133,3.481966257095337,3.5083988904953003,0.8055555555555556
only_hi,7,8,hi,hi,enc3,0.5,27,2.917372465133667,7.146468162536621,7.036458277702332,4.229095697402954,4.119085812568665,0.9
only_hi,7,8,hi,hi,dec0,0.15,2440,8.043452262878418,11.03598403930664,8.185339641571044,2.9925317764282227,0.14188737869262624,0.9522088353413655
only_hi,7,8,hi,hi,dec0,0.2,1726,7.649145603179932,9.29006576538086,8.174687767028809,1.6409201622009277,0.5255421638488773,0.8140889830508474
only_hi,7,8,hi,hi,dec0,0.25,911,7.304657936096191,8.669373512268066,8.208374953269958,1.364715576171875,0.9037170171737667,0.7209523809523809
only_hi,7,8,hi,hi,dec0,0.3,408,7.397085189819336,8.332866668701172,8.211304235458375,0.9357814788818359,0.8142190456390388,0.6758474576271186
only_hi,7,8,hi,hi,dec0,0.4,117,8.025411605834961,8.19130802154541,8.169417357444763,0.16589641571044922,0.1440057516098019,0.5785714285714286
only_hi,7,8,hi,hi,dec0,0.5,33,6.365852355957031,8.207466125488281,7.949769639968872,1.84161376953125,1.5839172840118412,0.6052631578947368
only_hi,7,8,hi,hi,dec1,0.15,2310,13.014466285705566,14.883069038391113,13.204468202590942,1.8686027526855469,0.19000191688537527,0.9104848736013261
only_hi,7,8,hi,hi,dec1,0.2,1469,12.57780933380127,14.030596733093262,13.182704973220826,1.4527873992919922,0.6048956394195564,0.7712733856366928
only_hi,7,8,hi,hi,dec1,0.25,866,11.767095565795898,13.927907943725586,13.190899229049682,2.1608123779296875,1.4238036632537838,0.7288977159880834
only_hi,7,8,hi,hi,dec1,0.3,470,11.489741325378418,13.580862998962402,13.241169738769532,2.0911216735839844,1.751428413391114,0.6482142857142857
only_hi,7,8,hi,hi,dec1,0.4,145,11.937613487243652,13.272557258605957,13.17290539741516,1.3349437713623047,1.235291910171508,0.5025380710659898
only_hi,7,8,hi,hi,dec1,0.5,22,9.934136390686035,13.225229263305664,12.930357742309571,3.291092872619629,2.996221351623536,0.47619047619047616
only_hi,7,8,hi,hi,dec2,0.15,2295,10.365264892578125,12.25572681427002,10.572747230529785,1.8904619216918945,0.20748233795166016,0.9183417085427136
only_hi,7,8,hi,hi,dec2,0.2,1492,9.931529998779297,11.440269470214844,10.543580961227416,1.5087394714355469,0.6120509624481194,0.8159658744667886
only_hi,7,8,hi,hi,dec2,0.25,963,9.795016288757324,11.02282428741455,10.571823930740356,1.2278079986572266,0.7768076419830319,0.7788018433179723
only_hi,7,8,hi,hi,dec2,0.3,615,9.617239952087402,10.859355926513672,10.538618326187134,1.2421159744262695,0.9213783740997314,0.7410586552217453
only_hi,7,8,hi,hi,dec2,0.4,215,8.891304016113281,10.71403694152832,10.540975379943848,1.822732925415039,1.6496713638305671,0.6307692307692307
only_hi,7,8,hi,hi,dec2,0.5,28,6.19630241394043,10.609223365783691,10.847506427764893,4.412920951843262,4.651204013824463,0.625
only_hi,7,8,hi,hi,dec3,0.15,2437,7.553826808929443,9.963326454162598,7.668738889694214,2.4094996452331543,0.11491208076477033,0.970137207425343
only_hi,7,8,hi,hi,dec3,0.2,1810,7.1810102462768555,8.848714828491211,7.669815516471862,1.6677045822143555,0.48880527019500697,0.8806818181818182
only_hi,7,8,hi,hi,dec3,0.25,1207,6.7643890380859375,8.477123260498047,7.674695014953613,1.7127342224121094,0.9103059768676758,0.8402777777777778
only_hi,7,8,hi,hi,dec3,0.3,799,6.2708892822265625,8.304215431213379,7.694158220291138,2.0333261489868164,1.4232689380645756,0.7921928817451206
only_hi,7,8,hi,hi,dec3,0.4,326,5.3236083984375,8.011937141418457,7.662322163581848,2.688328742980957,2.338713765144348,0.8096590909090909
only_hi,7,8,hi,hi,dec3,0.5,156,4.862485408782959,7.851754188537598,7.641409015655517,2.9892687797546387,2.7789236068725582,0.7426900584795322
only_hi,8,9,hi,hi,enc0,0.15,2329,4.995212554931641,6.863526344299316,5.1629530668258665,1.8683137893676758,0.1677405118942259,0.9398090493980905
only_hi,8,9,hi,hi,enc0,0.2,1427,4.6241655349731445,5.843459606170654,5.163231253623962,1.2192940711975098,0.5390657186508179,0.815625
only_hi,8,9,hi,hi,enc0,0.25,690,4.277237892150879,5.490924835205078,5.159706377983094,1.2136869430541992,0.8824684858322147,0.7782002534854245
only_hi,8,9,hi,hi,enc0,0.3,143,4.422889232635498,5.2076334953308105,5.138198018074036,0.7847442626953125,0.7153087854385376,0.6748768472906403
only_hi,8,9,hi,hi,enc0,0.4,31,2.899416923522949,5.191554546356201,5.071153402328491,2.292137622833252,2.171736478805542,0.775
only_hi,8,9,hi,hi,enc0,0.5,17,2.5595574378967285,5.18120813369751,5.102712273597717,2.6216506958007812,2.5431548357009888,0.8888888888888888
only_hi,8,9,hi,hi,enc1,0.15,2158,6.4413862228393555,8.474165916442871,6.76011974811554,2.0327796936035156,0.31873352527618426,0.8972003499562554
only_hi,8,9,hi,hi,enc1,0.2,1193,5.958046913146973,7.460992813110352,6.755164980888367,1.502945899963379,0.797118067741394,0.8063300678221552
only_hi,8,9,hi,hi,enc1,0.25,668,5.640373706817627,7.156108379364014,6.790928602218628,1.5157346725463867,1.150554895401001,0.7690288713910761
only_hi,8,9,hi,hi,enc1,0.3,274,5.765310287475586,6.879891395568848,6.775030875205994,1.1145811080932617,1.009720587730408,0.6676300578034682
only_hi,8,9,hi,hi,enc1,0.4,60,5.403919696807861,6.793156147003174,6.714629483222962,1.3892364501953125,1.3107097864151003,0.4666666666666667
only_hi,8,9,hi,hi,enc1,0.5,33,4.347999095916748,6.792102336883545,6.539882230758667,2.444103240966797,2.1918831348419188,0.8918918918918919
only_hi,8,9,hi,hi,enc2,0.15,2014,6.850398540496826,9.618300437927246,7.4286175012588505,2.76790189743042,0.5782189607620243,0.8919422449930136
only_hi,8,9,hi,hi,enc2,0.2,1172,6.007248401641846,8.651152610778809,7.448210835456848,2.643904209136963,1.4409624338150024,0.7938299473288186
only_hi,8,9,hi,hi,enc2,0.25,638,5.27365255355835,8.160097122192383,7.457299733161927,2.886444568634033,2.183647179603577,0.7693351424694709
only_hi,8,9,hi,hi,enc2,0.3,344,4.786025047302246,7.852843761444092,7.4919641494750975,3.0668187141418457,2.7059391021728514,0.7341463414634146
only_hi,8,9,hi,hi,enc2,0.4,44,4.0189208984375,7.500581741333008,7.522358441352845,3.481660842895508,3.5034375429153446,0.7083333333333334
only_hi,8,9,hi,hi,enc2,0.5,24,2.7624404430389404,7.48501443862915,7.794099903106689,4.72257399559021,5.031659460067749,0.9230769230769231
only_hi,8,9,hi,hi,enc3,0.15,2127,6.5882248878479,9.234803199768066,7.039940237998962,2.646578311920166,0.451715350151062,0.9086430810568742
only_hi,8,9,hi,hi,enc3,0.2,1383,5.906373500823975,8.36305046081543,7.04955530166626,2.456676959991455,1.1431818008422852,0.848
only_hi,8,9,hi,hi,enc3,0.25,766,5.269418716430664,7.790105819702148,7.031087875366211,2.5206871032714844,1.7616691589355469,0.7752808988764045
only_hi,8,9,hi,hi,enc3,0.3,371,4.710140705108643,7.430042266845703,7.01128933429718,2.7199015617370605,2.3011486291885372,0.729490022172949
only_hi,8,9,hi,hi,enc3,0.4,68,3.7536442279815674,7.12543249130249,7.031429934501648,3.371788263320923,3.2777857065200804,0.8428571428571429
only_hi,8,9,hi,hi,enc3,0.5,24,2.81197452545166,7.075843334197998,7.077094340324402,4.263868808746338,4.265119814872742,0.8214285714285714
only_hi,8,9,hi,hi,dec0,0.15,2455,7.847102642059326,10.094351768493652,7.931006669998169,2.247249126434326,0.08390402793884277,0.958
only_hi,8,9,hi,hi,dec0,0.2,1740,7.420926570892334,9.039185523986816,7.941565132141113,1.6182589530944824,0.5206385612487789,0.8184679958027282
only_hi,8,9,hi,hi,dec0,0.25,926,6.964003086090088,8.491968154907227,7.929339003562927,1.5279650688171387,0.9653359174728395,0.7362948960302458
only_hi,8,9,hi,hi,dec0,0.3,426,6.861447334289551,8.154436111450195,7.8952415704727175,1.2929887771606445,1.0337942361831667,0.6882591093117408
only_hi,8,9,hi,hi,dec0,0.4,104,6.965112686157227,7.980525493621826,7.786659932136535,1.0154128074645996,0.8215472459793087,0.625
only_hi,8,9,hi,hi,dec0,0.5,48,5.564761161804199,7.98464822769165,8.017342376708985,2.419887065887451,2.452581214904786,0.5882352941176471
only_hi,8,9,hi,hi,dec1,0.15,2280,13.073712348937988,15.036772727966309,13.283766222000121,1.9630603790283203,0.21005387306213308,0.9093178036605657
only_hi,8,9,hi,hi,dec1,0.2,1476,12.564001083374023,14.274810791015625,13.286085987091065,1.7108097076416016,0.7220849037170414,0.7719614921780987
only_hi,8,9,hi,hi,dec1,0.25,848,12.147016525268555,13.853790283203125,13.290341329574584,1.7067737579345703,1.1433248043060296,0.7278225806451613
only_hi,8,9,hi,hi,dec1,0.3,442,12.004964828491211,13.556262016296387,13.358472967147828,1.5512971878051758,1.3535081386566166,0.6672760511882998
only_hi,8,9,hi,hi,dec1,0.4,141,11.34546947479248,13.401673316955566,13.192256212234497,2.056203842163086,1.8467867374420166,0.653179190751445
only_hi,8,9,hi,hi,dec1,0.5,31,9.880876541137695,13.330191612243652,13.074033117294311,3.449315071105957,3.193156576156616,0.5588235294117647
only_hi,8,9,hi,hi,dec2,0.15,2269,10.79698371887207,13.182811737060547,11.066575574874879,2.3858280181884766,0.2695918560028083,0.9112227805695142
only_hi,8,9,hi,hi,dec2,0.2,1449,10.356894493103027,11.995872497558594,11.089550065994263,1.6389780044555664,0.7326555728912361,0.8154320987654321
only_hi,8,9,hi,hi,dec2,0.25,954,10.01180648803711,11.695697784423828,11.08495512008667,1.6838912963867188,1.073148632049561,0.7966260543580131
only_hi,8,9,hi,hi,dec2,0.3,604,9.583022117614746,11.526793479919434,11.06248607635498,1.9437713623046875,1.4794639587402347,0.7666666666666667
only_hi,8,9,hi,hi,dec2,0.4,202,8.442904472351074,11.293082237243652,11.035169553756713,2.850177764892578,2.592265081405639,0.62890625
only_hi,8,9,hi,hi,dec2,0.5,34,6.5528740882873535,11.128961563110352,11.32172613143921,4.576087474822998,4.768852043151856,0.5121951219512195
only_hi,8,9,hi,hi,dec3,0.15,2402,7.924915790557861,10.520410537719727,8.091306781768798,2.5954947471618652,0.16639099121093714,0.9551515151515152
only_hi,8,9,hi,hi,dec3,0.2,1744,7.4393534660339355,9.465246200561523,8.098159313201904,2.025892734527588,0.6588058471679688,0.8705263157894737
only_hi,8,9,hi,hi,dec3,0.25,1111,6.877942085266113,9.010683059692383,8.074298620223999,2.1327409744262695,1.1963565349578857,0.8166144200626959
only_hi,8,9,hi,hi,dec3,0.3,685,6.180208206176758,8.78102970123291,8.0917067527771,2.6008214950561523,1.9114985466003418,0.7772455089820359
only_hi,8,9,hi,hi,dec3,0.4,281,5.520043849945068,8.401378631591797,8.025527310371398,2.8813347816467285,2.50548346042633,0.7905604719764012
only_hi,8,9,hi,hi,dec3,0.5,132,4.9133219718933105,8.257542610168457,8.109081315994263,3.3442206382751465,3.195759344100953,0.7668711656441718
only_hi,9,10,hi,hi,enc0,0.15,2340,4.95811128616333,6.85158109664917,5.12418258190155,1.8934698104858398,0.16607129573822021,0.938953488372093
only_hi,9,10,hi,hi,enc0,0.2,1435,4.6252665519714355,5.7529520988464355,5.1233079671859745,1.127685546875,0.49804141521453893,0.8229299363057325
only_hi,9,10,hi,hi,enc0,0.25,692,4.210037708282471,5.458234786987305,5.1208171367645265,1.248197078704834,0.9107794284820558,0.7809278350515464
only_hi,9,10,hi,hi,enc0,0.3,210,4.418766021728516,5.183569431304932,5.156646490097046,0.764803409576416,0.7378804683685303,0.5900900900900901
only_hi,9,10,hi,hi,enc0,0.4,41,4.1847825050354,5.136066913604736,5.119408440589905,0.9512844085693359,0.9346259355545046,0.7142857142857143
only_hi,9,10,hi,hi,enc0,0.5,15,2.580826759338379,5.135802268981934,5.146995949745178,2.5549755096435547,2.566169190406799,0.8823529411764706
only_hi,9,10,hi,hi,enc1,0.15,2142,6.422325134277344,8.431229591369629,6.746606779098511,2.008904457092285,0.32428164482116717,0.8959435626102292
only_hi,9,10,hi,hi,enc1,0.2,1171,5.925837993621826,7.445440769195557,6.712477040290833,1.5196027755737305,0.7866390466690065,0.7977186311787072
only_hi,9,10,hi,hi,enc1,0.25,637,5.160863399505615,7.276861190795898,6.7735435485839846,2.115997791290283,1.6126801490783693,0.7925824175824175
only_hi,9,10,hi,hi,enc1,0.3,259,4.866398811340332,6.96239709854126,6.71360604763031,2.0959982872009277,1.8472072362899778,0.7028753993610224
only_hi,9,10,hi,hi,enc1,0.4,48,5.146001815795898,6.780997276306152,6.593192863464355,1.634995460510254,1.4471910476684569,0.5882352941176471
only_hi,9,10,hi,hi,enc1,0.5,36,4.8632988929748535,6.777256488800049,6.872025632858277,1.9139575958251953,2.008726739883423,0.8157894736842105
only_hi,9,10,hi,hi,enc2,0.15,1967,6.902739524841309,10.021361351013184,7.633719754219055,3.118621826171875,0.7309802293777468,0.8707706766917294
only_hi,9,10,hi,hi,enc2,0.2,1159,6.088961601257324,8.895965576171875,7.60268805027008,2.807003974914551,1.513726449012756,0.7986111111111112
only_hi,9,10,hi,hi,enc2,0.25,618,5.4229021072387695,8.32595443725586,7.636873173713684,2.90305233001709,2.2139710664749144,0.7591036414565826
only_hi,9,10,hi,hi,enc2,0.3,284,4.988354682922363,7.954158306121826,7.616089391708374,2.965803623199463,2.6277347087860106,0.6569920844327177
only_hi,9,10,hi,hi,enc2,0.4,35,4.2197136878967285,7.672342300415039,7.458132982254028,3.4526286125183105,3.2384192943573,0.717391304347826
only_hi,9,10,hi,hi,enc2,0.5,24,3.622281551361084,7.663020610809326,7.481283831596374,4.040739059448242,3.8590022802352903,0.8461538461538461
only_hi,9,10,hi,hi,enc3,0.15,2113,6.5511579513549805,9.24351978302002,7.018048214912414,2.692361831665039,0.4668902635574339,0.9099099099099099
only_hi,9,10,hi,hi,enc3,0.2,1367,5.88590145111084,8.32223129272461,7.019598460197448,2.4363298416137695,1.1336970090866085,0.8406961178045516
only_hi,9,10,hi,hi,enc3,0.25,775,5.2499799728393555,7.790316581726074,7.016024160385132,2.5403366088867188,1.7660441875457762,0.7773933102652826
only_hi,9,10,hi,hi,enc3,0.3,403,4.79286527633667,7.437609672546387,7.030578255653381,2.644744396209717,2.2377129793167114,0.7123893805309734
only_hi,9,10,hi,hi,enc3,0.4,63,3.5621986389160156,7.1085429191589355,7.0017798900604244,3.54634428024292,3.439581251144409,0.8450704225352113
only_hi,9,10,hi,hi,enc3,0.5,24,2.9771742820739746,7.05954122543335,6.933489513397217,4.082366943359375,3.9563152313232424,0.92
only_hi,9,10,hi,hi,dec0,0.15,2468,7.93182897567749,10.722392082214355,8.023464179039001,2.7905631065368652,0.09163520336151088,0.9644852354349561
only_hi,9,10,hi,hi,dec0,0.2,1780,7.473032474517822,9.307971954345703,8.036546516418458,1.8349394798278809,0.5635140419006355,0.8191214470284238
only_hi,9,10,hi,hi,dec0,0.25,953,7.263391494750977,8.487992286682129,8.011380338668824,1.2246007919311523,0.747988843917847,0.7175502742230347
only_hi,9,10,hi,hi,dec0,0.3,424,7.1014323234558105,8.216856956481934,8.013940668106079,1.115424633026123,0.9125083446502682,0.6898608349900597
only_hi,9,10,hi,hi,dec0,0.4,136,6.605910301208496,8.112133979797363,7.982091856002808,1.5062236785888672,1.3761815547943117,0.5584415584415584
only_hi,9,10,hi,hi,dec0,0.5,55,5.839728832244873,8.08025074005127,7.9502592325210575,2.2405219078063965,2.1105304002761844,0.8070175438596491
only_hi,9,10,hi,hi,dec1,0.15,2287,12.378057479858398,14.601844787597656,12.614600563049317,2.223787307739258,0.23654308319091832,0.9084830756372754
only_hi,9,10,hi,hi,dec1,0.2,1447,11.812649726867676,13.65859603881836,12.626829385757446,1.8459463119506836,0.8141796588897705,0.7608433734939759
only_hi,9,10,hi,hi,dec1,0.25,833,11.253034591674805,13.272232055664062,12.579572296142578,2.019197463989258,1.326537704467773,0.7510416666666667
only_hi,9,10,hi,hi,dec1,0.3,458,11.345067977905273,12.891950607299805,12.528724527359008,1.5468826293945312,1.183656549453735,0.6544117647058824
only_hi,9,10,hi,hi,dec1,0.4,131,10.628710746765137,12.722338676452637,12.44242000579834,2.0936279296875,1.8137092590332031,0.6
only_hi,9,10,hi,hi,dec1,0.5,42,9.535399436950684,12.666574478149414,12.512320566177369,3.1311750411987305,2.9769211292266853,0.5208333333333334
only_hi,9,10,hi,hi,dec2,0.15,2265,10.365814208984375,12.437567710876465,10.595880937576293,2.07175350189209,0.23006672859191823,0.9082491582491582
only_hi,9,10,hi,hi,dec2,0.2,1464,9.939684867858887,11.492657661437988,10.585132694244384,1.5529727935791016,0.6454478263854977,0.8413400758533502
only_hi,9,10,hi,hi,dec2,0.25,949,9.680130004882812,11.1491060256958,10.54806489944458,1.4689760208129883,0.8679348945617669,0.7986767485822306
only_hi,9,10,hi,hi,dec2,0.3,592,9.5029296875,10.935933113098145,10.602253818511963,1.4330034255981445,1.0993241310119632,0.7485380116959064
only_hi,9,10,hi,hi,dec2,0.4,225,9.051497459411621,10.754202842712402,10.477393531799317,1.7027053833007812,1.4258960723876957,0.6486486486486487
only_hi,9,10,hi,hi,dec2,0.5,31,5.836807727813721,10.662993431091309,10.931495571136475,4.826185703277588,5.094687843322754,0.6666666666666666
only_hi,9,10,hi,hi,dec3,0.15,2410,7.576054573059082,10.299816131591797,7.735081481933594,2.723761558532715,0.15902690887451154,0.9568930459536397
only_hi,9,10,hi,hi,dec3,0.2,1761,7.1179609298706055,9.097038269042969,7.734220671653747,1.9790773391723633,0.6162597417831419,0.8663471778487752
only_hi,9,10,hi,hi,dec3,0.25,1143,6.642777442932129,8.617198944091797,7.739051651954651,1.974421501159668,1.0962742090225222,0.8162771958098308
only_hi,9,10,hi,hi,dec3,0.3,762,6.142002582550049,8.411043167114258,7.750140810012818,2.269040584564209,1.608138227462769,0.7864197530864198
only_hi,9,10,hi,hi,dec3,0.4,335,5.418396949768066,8.084539413452148,7.749389266967773,2.666142463684082,2.3309923171997067,0.7906976744186046
only_hi,9,10,hi,hi,dec3,0.5,173,4.795393943786621,7.948747634887695,7.7897216796875,3.153353691101074,2.994327735900879,0.6944444444444444
only_hi,10,11,hi,hi,enc0,0.15,2319,4.868500709533691,6.644473075866699,5.03608136177063,1.7759723663330078,0.1675806522369383,0.933997509339975
only_hi,10,11,hi,hi,enc0,0.2,1418,4.534547328948975,5.657952785491943,5.034802174568176,1.1234054565429688,0.5002548456192013,0.7943396226415095
only_hi,10,11,hi,hi,enc0,0.25,682,4.266811370849609,5.31491231918335,5.016869592666626,1.0481009483337402,0.7500582218170164,0.7844155844155845
only_hi,10,11,hi,hi,enc0,0.3,287,3.996415853500366,5.166915416717529,5.035728144645691,1.170499563217163,1.0393122911453245,0.47477744807121663
only_hi,10,11,hi,hi,enc0,0.4,31,2.939218044281006,5.061389446258545,5.04306845664978,2.122171401977539,2.1038504123687742,0.7142857142857143
only_hi,10,11,hi,hi,enc0,0.5,18,2.5302326679229736,5.053432941436768,4.994947600364685,2.523200273513794,2.4647149324417112,0.8333333333333334
only_hi,10,11,hi,hi,enc1,0.15,2113,6.341153621673584,8.259676933288574,6.686749076843261,1.9185233116149902,0.3455954551696774,0.8827433628318584
only_hi,10,11,hi,hi,enc1,0.2,1119,5.828294277191162,7.334539890289307,6.667757320404053,1.5062456130981445,0.8394630432128904,0.7834890965732088
only_hi,10,11,hi,hi,enc1,0.25,627,5.080391883850098,7.19375467300415,6.686696791648865,2.1133627891540527,1.6063049077987674,0.8160919540229885
only_hi,10,11,hi,hi,enc1,0.3,273,4.647030830383301,6.918362617492676,6.6407822370529175,2.271331787109375,1.9937514066696167,0.7442622950819672
only_hi,10,11,hi,hi,enc1,0.4,40,4.57113790512085,6.709559440612793,6.8740205526351925,2.1384215354919434,2.302882647514343,0.7254901960784313
only_hi,10,11,hi,hi,enc1,0.5,30,3.598623275756836,6.712638854980469,6.664979147911072,3.114015579223633,3.0663558721542357,0.7837837837837838
only_hi,10,11,hi,hi,enc2,0.15,1956,6.796407222747803,9.47776985168457,7.422333550453186,2.6813626289367676,0.6259263277053835,0.8663177925784966
only_hi,10,11,hi,hi,enc2,0.2,1130,5.970773696899414,8.581378936767578,7.424681305885315,2.610605239868164,1.4539076089859009,0.798114689709348
only_hi,10,11,hi,hi,enc2,0.25,595,5.316843509674072,8.068613052368164,7.45036370754242,2.751769542694092,2.1335201978683473,0.7785923753665689
only_hi,10,11,hi,hi,enc2,0.3,312,4.810656547546387,7.792447566986084,7.447214412689209,2.9817910194396973,2.636557865142822,0.7325581395348837
only_hi,10,11,hi,hi,enc2,0.4,46,4.303727626800537,7.486227035522461,7.52932198047638,3.182499408721924,3.2255943536758425,0.723404255319149
only_hi,10,11,hi,hi,enc2,0.5,24,3.3023886680603027,7.468095302581787,7.444200897216797,4.165706634521484,4.1418122291564945,0.8461538461538461
only_hi,10,11,hi,hi,enc3,0.15,2087,6.51709508895874,9.316864013671875,7.041891479492188,2.7997689247131348,0.5247963905334476,0.9186843307446323
only_hi,10,11,hi,hi,enc3,0.2,1351,5.864474296569824,8.341729164123535,7.03651807308197,2.477254867553711,1.1720437765121456,0.8477226376614548
only_hi,10,11,hi,hi,enc3,0.25,755,5.1945648193359375,7.8039655685424805,7.025008821487427,2.609400749206543,1.8304440021514896,0.7790697674418605
only_hi,10,11,hi,hi,enc3,0.3,368,4.630350589752197,7.437995433807373,7.00409722328186,2.807644844055176,2.373746633529663,0.687089715536105
only_hi,10,11,hi,hi,enc3,0.4,58,3.4875946044921875,7.116616249084473,7.045577454566955,3.629021644592285,3.557982850074768,0.8059701492537313
only_hi,10,11,hi,hi,enc3,0.5,23,2.8515193462371826,7.072317123413086,7.101013875007629,4.220797777175903,4.249494528770446,0.9583333333333334
only_hi,10,11,hi,hi,dec0,0.15,2448,7.895789623260498,10.884774208068848,8.02950348854065,2.9889845848083496,0.13371386528015172,0.9624750499001996
only_hi,10,11,hi,hi,dec0,0.2,1778,7.51801061630249,9.182820320129395,8.025096797943116,1.6648097038269043,0.5070861816406254,0.8321318228630278
only_hi,10,11,hi,hi,dec0,0.25,965,7.261021614074707,8.48971939086914,8.032151222229004,1.2286977767944336,0.7711296081542969,0.7263726372637264
only_hi,10,11,hi,hi,dec0,0.3,466,7.335912227630615,8.180254936218262,8.033081555366516,0.8443427085876465,0.6971693277359012,0.7181467181467182
only_hi,10,11,hi,hi,dec0,0.4,135,7.129404544830322,8.076501846313477,8.013105630874634,0.9470973014831543,0.8837010860443115,0.69375
only_hi,10,11,hi,hi,dec0,0.5,56,6.40597677230835,8.062801361083984,8.060471272468567,1.6568245887756348,1.654494500160217,0.7076923076923077
only_hi,10,11,hi,hi,dec1,0.15,2261,13.088199615478516,15.60614013671875,13.388767910003661,2.5179405212402344,0.3005682945251458,0.9021329987452948
only_hi,10,11,hi,hi,dec1,0.2,1449,12.64295482635498,14.34654712677002,13.371585273742676,1.703592300415039,0.7286304473876957,0.7690897984117288
only_hi,10,11,hi,hi,dec1,0.25,834,12.127435684204102,13.988629341125488,13.372589063644408,1.8611936569213867,1.245153379440307,0.7027579162410623
only_hi,10,11,hi,hi,dec1,0.3,435,12.270925521850586,13.609790802001953,13.373719930648804,1.3388652801513672,1.1027944087982178,0.6445672191528545
only_hi,10,11,hi,hi,dec1,0.4,131,11.719050407409668,13.4719877243042,13.109092426300048,1.7529373168945312,1.3900420188903801,0.5502958579881657
only_hi,10,11,hi,hi,dec1,0.5,40,10.694050788879395,13.424958229064941,13.25576229095459,2.730907440185547,2.5617115020751946,0.6078431372549019
only_hi,10,11,hi,hi,dec2,0.15,2255,10.382621765136719,12.863081932067871,10.676456451416016,2.4804601669311523,0.2938346862792969,0.9112050739957717
only_hi,10,11,hi,hi,dec2,0.2,1438,9.953855514526367,11.606423377990723,10.652789449691772,1.6525678634643555,0.6989339351654049,0.8263058527375708
only_hi,10,11,hi,hi,dec2,0.25,922,9.705281257629395,11.225751876831055,10.697350120544433,1.5204706192016602,0.9920688629150387,0.7938638542665388
only_hi,10,11,hi,hi,dec2,0.3,563,9.439632415771484,11.027310371398926,10.725241899490356,1.5876779556274414,1.285609483718872,0.7447129909365559
only_hi,10,11,hi,hi,dec2,0.4,199,8.318748474121094,10.877010345458984,10.655264043807984,2.5582618713378906,2.33651556968689,0.5939849624060151
only_hi,10,11,hi,hi,dec2,0.5,35,6.430688381195068,10.737020492553711,10.615990447998048,4.306332111358643,4.185302066802979,0.65
only_hi,10,11,hi,hi,dec3,0.15,2404,7.58152961730957,10.223175048828125,7.744827508926392,2.6416454315185547,0.1632978916168213,0.9600977198697068
only_hi,10,11,hi,hi,dec3,0.2,1701,7.0747809410095215,9.064740180969238,7.741791534423828,1.9899592399597168,0.6670105934143065,0.8572961373390557
only_hi,10,11,hi,hi,dec3,0.25,1117,6.5222673416137695,8.687068939208984,7.751231408119201,2.164801597595215,1.2289640665054318,0.8299595141700404
only_hi,10,11,hi,hi,dec3,0.3,741,6.007664680480957,8.44922161102295,7.698804926872254,2.441556930541992,1.6911402463912966,0.8262454434993924
only_hi,10,11,hi,hi,dec3,0.4,313,5.183604717254639,8.098952293395996,7.746583366394043,2.9153475761413574,2.5629786491394047,0.8151260504201681
only_hi,10,11,hi,hi,dec3,0.5,151,4.573822021484375,7.941123008728027,7.7293750762939455,3.3673009872436523,3.1555530548095705,0.7802197802197802
only_hi,11,12,hi,hi,enc0,0.15,2324,4.7677321434021,7.032007217407227,4.98063337802887,2.264275074005127,0.21290123462677002,0.9353897457273864
only_hi,11,12,hi,hi,enc0,0.2,1387,4.4355669021606445,5.616054534912109,4.977824020385742,1.1804876327514648,0.5422571182250975,0.7798223350253807
only_hi,11,12,hi,hi,enc0,0.25,698,4.075713157653809,5.3141326904296875,4.988577723503113,1.238419532775879,0.9128645658493042,0.796875
only_hi,11,12,hi,hi,enc0,0.3,214,4.0579962730407715,5.0602521896362305,4.9877924680709835,1.002255916595459,0.929796195030212,0.4606413994169096
only_hi,11,12,hi,hi,enc0,0.4,24,2.7174224853515625,4.997848987579346,5.077142071723938,2.280426502227783,2.3597195863723757,0.0
only_hi,11,12,hi,hi,enc0,0.5,17,2.488555431365967,4.993102073669434,4.949273002147675,2.504546642303467,2.460717570781708,0.8421052631578947
only_hi,11,12,hi,hi,enc1,0.15,2102,6.385806083679199,8.301127433776855,6.731979441642761,1.9153213500976562,0.3461733579635622,0.8935309973045822
only_hi,11,12,hi,hi,enc1,0.2,1092,5.620803356170654,7.552427768707275,6.715741395950317,1.931624412536621,1.094938039779663,0.7702161729383507
only_hi,11,12,hi,hi,enc1,0.25,614,5.147480487823486,7.227301120758057,6.740917038917542,2.0798206329345703,1.5934365510940554,0.7753934191702432
only_hi,11,12,hi,hi,enc1,0.3,266,4.725503444671631,6.96072244644165,6.799062824249267,2.2352190017700195,2.0735593795776364,0.7003154574132492
only_hi,11,12,hi,hi,enc1,0.4,43,5.186099529266357,6.754818916320801,6.749879145622254,1.5687193870544434,1.5637796163558964,0.7659574468085106
only_hi,11,12,hi,hi,enc1,0.5,31,4.942342758178711,6.750362873077393,6.6830333232879635,1.8080201148986816,1.7406905651092526,0.8484848484848485
only_hi,11,12,hi,hi,enc2,0.15,1924,6.841113090515137,9.65144157409668,7.5270689010620115,2.810328483581543,0.6859558105468748,0.8609112709832134
only_hi,11,12,hi,hi,enc2,0.2,1092,6.018072605133057,8.67090129852295,7.536340236663818,2.6528286933898926,1.5182676315307617,0.7977346278317152
only_hi,11,12,hi,hi,enc2,0.25,590,5.27868127822876,8.21634292602539,7.550872135162353,2.937661647796631,2.2721908569335936,0.7792792792792793
only_hi,11,12,hi,hi,enc2,0.3,294,4.925036430358887,7.878489971160889,7.589070081710815,2.953453540802002,2.6640336513519287,0.7876106194690266
only_hi,11,12,hi,hi,enc2,0.4,37,4.472095489501953,7.584285259246826,7.44768636226654,3.112189769744873,2.9755908727645872,0.6938775510204082
only_hi,11,12,hi,hi,enc2,0.5,23,3.366091012954712,7.5771379470825195,7.283430171012879,4.211046934127808,3.9173391580581667,0.8076923076923077
only_hi,11,12,hi,hi,enc3,0.15,2066,6.573704719543457,9.253110885620117,7.084949350357055,2.67940616607666,0.5112446308135983,0.9032997250229148
only_hi,11,12,hi,hi,enc3,0.2,1309,5.869340896606445,8.368780136108398,7.081686854362488,2.499439239501953,1.2123459577560425,0.8382861091914305
only_hi,11,12,hi,hi,enc3,0.25,733,5.300915718078613,7.808833599090576,7.093663430213928,2.507917881011963,1.7927477121353146,0.7906137184115524
only_hi,11,12,hi,hi,enc3,0.3,361,4.752922534942627,7.474536418914795,7.100347185134888,2.721613883972168,2.347424650192261,0.7152941176470589
only_hi,11,12,hi,hi,enc3,0.4,58,3.4441990852355957,7.175278663635254,7.16262571811676,3.731079578399658,3.7184266328811644,0.8709677419354839
only_hi,11,12,hi,hi,enc3,0.5,26,2.71144962310791,7.135679721832275,7.131885647773743,4.424230098724365,4.4204360246658325,0.75
only_hi,11,12,hi,hi,dec0,0.15,2449,7.801483154296875,10.490252494812012,7.916465711593628,2.6887693405151367,0.11498255729675311,0.9627254509018036
only_hi,11,12,hi,hi,dec0,0.2,1769,7.420652866363525,9.030487060546875,7.914310336112976,1.6098341941833496,0.4936574697494507,0.8292934502320783
only_hi,11,12,hi,hi,dec0,0.25,986,7.099926948547363,8.430572509765625,7.9350289583206175,1.3306455612182617,0.8351020097732542,0.7129060579455663
only_hi,11,12,hi,hi,dec0,0.3,416,6.950700283050537,8.10576343536377,7.916540265083313,1.1550631523132324,0.9658399820327759,0.6578947368421053
only_hi,11,12,hi,hi,dec0,0.4,127,6.611917495727539,7.986245632171631,7.848870706558228,1.3743281364440918,1.2369532108306887,0.6903225806451613
only_hi,11,12,hi,hi,dec0,0.5,53,5.556867599487305,7.967983245849609,8.009312295913697,2.4111156463623047,2.452444696426392,0.703125
only_hi,11,12,hi,hi,dec1,0.15,2269,12.550278663635254,15.667659759521484,12.902106475830077,3.1173810958862305,0.3518278121948235,0.9049621530698065
only_hi,11,12,hi,hi,dec1,0.2,1418,11.987895965576172,14.042937278747559,12.939115238189697,2.0550413131713867,0.9512192726135247,0.7741336633663366
only_hi,11,12,hi,hi,dec1,0.25,820,11.451004981994629,13.589681625366211,12.842848587036134,2.138676643371582,1.3918436050415046,0.7157676348547718
only_hi,11,12,hi,hi,dec1,0.3,486,11.076569557189941,13.333008766174316,12.92754144668579,2.256439208984375,1.850971889495849,0.6475849731663685
only_hi,11,12,hi,hi,dec1,0.4,146,11.626238822937012,12.981955528259277,12.482486057281495,1.3557167053222656,0.8562472343444831,0.5649717514124294
only_hi,11,12,hi,hi,dec1,0.5,39,9.283968925476074,12.960648536682129,12.962481880187989,3.6766796112060547,3.6785129547119144,0.5490196078431373
only_hi,11,12,hi,hi,dec2,0.15,2248,10.102564811706543,12.164908409118652,10.342355537414551,2.0623435974121094,0.23979072570800852,0.9169859514687101
only_hi,11,12,hi,hi,dec2,0.2,1452,9.68733024597168,11.22745132446289,10.367628526687621,1.540121078491211,0.6802982807159417,0.8256475047378395
only_hi,11,12,hi,hi,dec2,0.25,941,9.48115348815918,10.86118221282959,10.41672658920288,1.3800287246704102,0.9355731010437012,0.7844827586206896
only_hi,11,12,hi,hi,dec2,0.3,570,9.37304401397705,10.634866714477539,10.334875774383544,1.2618227005004883,0.9618317604064934,0.7403993855606759
only_hi,11,12,hi,hi,dec2,0.4,101,10.511695861816406,10.347433090209961,10.390179061889649,-0.1642627716064453,-0.12151679992675746,0.3574660633484163
only_hi,11,12,hi,hi,dec2,0.5,33,5.582563400268555,10.41622257232666,10.588275909423828,4.8336591720581055,5.005712509155273,0.7
only_hi,11,12,hi,hi,dec3,0.15,2398,7.517341136932373,10.626766204833984,7.720184254646301,3.1094250679016113,0.20284311771392805,0.96
only_hi,11,12,hi,hi,dec3,0.2,1729,7.05402135848999,9.087505340576172,7.7137449979782104,2.0334839820861816,0.6597236394882202,0.8631178707224335
only_hi,11,12,hi,hi,dec3,0.25,1130,6.583592891693115,8.607454299926758,7.695803213119507,2.0238614082336426,1.1122103214263914,0.8539603960396039
only_hi,11,12,hi,hi,dec3,0.3,758,6.017988204956055,8.427571296691895,7.702829217910766,2.40958309173584,1.6848410129547116,0.8325183374083129
only_hi,11,12,hi,hi,dec3,0.4,330,5.342311382293701,8.065092086791992,7.731457591056824,2.722780704498291,2.3891462087631226,0.7811634349030471
only_hi,11,12,hi,hi,dec3,0.5,164,4.748885631561279,7.917070388793945,7.6573587417602536,3.168184757232666,2.9084731101989743,0.7403314917127072
only_hi,12,13,hi,hi,enc0,0.15,2321,4.749926567077637,6.420699596405029,4.908584022521973,1.6707730293273926,0.1586574554443363,0.9443281707827543
only_hi,12,13,hi,hi,enc0,0.2,1327,4.376526355743408,5.475649356842041,4.9016025304794315,1.0991230010986328,0.5250761747360233,0.7785058977719528
only_hi,12,13,hi,hi,enc0,0.25,662,4.018917560577393,5.215281009674072,4.891689372062683,1.1963634490966797,0.8727718114852907,0.7871222076215506
only_hi,12,13,hi,hi,enc0,0.3,233,4.0302734375,4.993585109710693,4.878800344467163,0.9633116722106934,0.8485269069671633,0.7738095238095238
only_hi,12,13,hi,hi,enc0,0.4,31,2.696108102798462,4.932995796203613,5.072906970977783,2.2368876934051514,2.3767988681793213,0.0
only_hi,12,13,hi,hi,enc0,0.5,18,2.262064218521118,4.9246296882629395,4.944677686691284,2.6625654697418213,2.6826134681701657,0.9444444444444444
only_hi,12,13,hi,hi,enc1,0.15,2058,6.252068996429443,8.167936325073242,6.63249294757843,1.9158673286437988,0.38042395114898664,0.8730301665916254
only_hi,12,13,hi,hi,enc1,0.2,1094,5.706477165222168,7.315263271331787,6.632203245162964,1.6087861061096191,0.9257260799407963,0.7801302931596091
only_hi,12,13,hi,hi,enc1,0.25,596,5.415583610534668,6.995608806610107,6.611455368995666,1.5800251960754395,1.1958717584609984,0.7561683599419449
only_hi,12,13,hi,hi,enc1,0.3,210,5.146254539489746,6.760148525238037,6.579102635383606,1.613893985748291,1.4328480958938599,0.6643356643356644
only_hi,12,13,hi,hi,enc1,0.4,40,5.308529853820801,6.648699760437012,6.580092644691467,1.340169906616211,1.2715627908706661,0.8043478260869565
only_hi,12,13,hi,hi,enc1,0.5,30,5.097071647644043,6.645909309387207,6.530606389045715,1.548837661743164,1.4335347414016724,0.7941176470588235
only_hi,12,13,hi,hi,enc2,0.15,1898,6.759130001068115,9.470873832702637,7.461141467094421,2.7117438316345215,0.7020114660263062,0.871694417238002
only_hi,12,13,hi,hi,enc2,0.2,1101,5.985808849334717,8.573114395141602,7.461119389533996,2.5873055458068848,1.4753105401992794,0.8109000825763831
only_hi,12,13,hi,hi,enc2,0.25,563,5.2792439460754395,8.07528018951416,7.410857033729553,2.7960362434387207,2.131613087654114,0.7603053435114504
only_hi,12,13,hi,hi,enc2,0.3,244,4.861526966094971,7.734169006347656,7.434400367736816,2.8726420402526855,2.5728734016418455,0.6656346749226006
only_hi,12,13,hi,hi,enc2,0.4,36,3.9698519706726074,7.51015567779541,7.518013596534729,3.5403037071228027,3.5481616258621216,0.7804878048780488
only_hi,12,13,hi,hi,enc2,0.5,22,3.100970983505249,7.4981584548950195,7.370706462860108,4.3971874713897705,4.269735479354859,0.8
only_hi,12,13,hi,hi,enc3,0.15,2068,6.623953342437744,9.266284942626953,7.130075740814209,2.642331600189209,0.5061223983764647,0.9050691244239631
only_hi,12,13,hi,hi,enc3,0.2,1287,5.871877670288086,8.40553092956543,7.146597862243652,2.5336532592773438,1.2747201919555664,0.8333333333333334
only_hi,12,13,hi,hi,enc3,0.25,733,5.300944805145264,7.8663129806518555,7.150094199180603,2.565368175506592,1.8491493940353392,0.8031980319803198
only_hi,12,13,hi,hi,enc3,0.3,357,4.70466947555542,7.525093078613281,7.136114287376404,2.8204236030578613,2.4314448118209837,0.7054631828978623
only_hi,12,13,hi,hi,enc3,0.4,52,3.4390065670013428,7.208340167999268,7.098330307006836,3.769333600997925,3.659323740005493,0.7741935483870968
only_hi,12,13,hi,hi,enc3,0.5,21,2.6440677642822266,7.168893337249756,7.043566036224365,4.524825572967529,4.3994982719421385,0.8076923076923077
only_hi,12,13,hi,hi,dec0,0.15,2456,7.980823993682861,9.933746337890625,8.06436448097229,1.9529223442077637,0.08354048728942942,0.962
only_hi,12,13,hi,hi,dec0,0.2,1798,7.641946315765381,9.04697322845459,8.080661392211914,1.405026912689209,0.43871507644653285,0.8236196319018405
only_hi,12,13,hi,hi,dec0,0.25,941,7.316365718841553,8.492472648620605,8.036299872398377,1.1761069297790527,0.7199341535568244,0.7711397058823529
only_hi,12,13,hi,hi,dec0,0.3,482,7.395256996154785,8.214388847351074,8.130953168869018,0.8191318511962891,0.735696172714233,0.618018018018018
only_hi,12,13,hi,hi,dec0,0.4,121,6.969054698944092,8.11429214477539,8.147468948364258,1.1452374458312988,1.1784142494201664,0.6644295302013423
only_hi,12,13,hi,hi,dec0,0.5,45,5.873902797698975,8.099279403686523,8.040136647224426,2.225376605987549,2.166233849525451,0.6333333333333333
only_hi,12,13,hi,hi,dec1,0.15,2265,12.756022453308105,14.818208694458008,12.994871187210084,2.0621862411499023,0.23884873390197825,0.9098567818028643
only_hi,12,13,hi,hi,dec1,0.2,1433,12.279789924621582,13.901352882385254,13.009025144577027,1.6215629577636719,0.729235219955445,0.7620519159456118
only_hi,12,13,hi,hi,dec1,0.25,818,11.879952430725098,13.516626358032227,13.061943006515502,1.636673927307129,1.1819905757904046,0.7388535031847133
only_hi,12,13,hi,hi,dec1,0.3,448,12.143725395202637,13.17394733428955,13.046568298339844,1.030221939086914,0.9028429031372074,0.627177700348432
only_hi,12,13,hi,hi,dec1,0.4,146,11.233054161071777,13.100140571594238,12.758539247512818,1.867086410522461,1.5254850864410407,0.5956284153005464
only_hi,12,13,hi,hi,dec1,0.5,37,9.741608619689941,13.041349411010742,13.268976497650147,3.299740791320801,3.527367877960206,0.5833333333333334
only_hi,12,13,hi,hi,dec2,0.15,2232,10.313435554504395,12.70996379852295,10.61742286682129,2.3965282440185547,0.30398731231689524,0.9071945508727118
only_hi,12,13,hi,hi,dec2,0.2,1401,9.861534118652344,11.537918090820312,10.618823385238647,1.6763839721679688,0.7572892665863034,0.8323699421965318
only_hi,12,13,hi,hi,dec2,0.25,891,9.435093879699707,11.253318786621094,10.642635202407837,1.8182249069213867,1.2075413227081295,0.7786407766990291
only_hi,12,13,hi,hi,dec2,0.3,530,9.26201057434082,10.975167274475098,10.617999696731568,1.7131567001342773,1.3559891223907474,0.740506329113924
only_hi,12,13,hi,hi,dec2,0.4,97,6.523553848266602,10.781840324401855,10.518940830230713,4.258286476135254,3.9953869819641117,0.005076142131979695
only_hi,12,13,hi,hi,dec2,0.5,33,6.113224983215332,10.679349899291992,10.61816177368164,4.56612491607666,4.504936790466308,0.7368421052631579
only_hi,12,13,hi,hi,dec3,0.15,2395,7.665533542633057,10.029009819030762,7.821593761444092,2.363476276397705,0.15606021881103516,0.9547308319738989
only_hi,12,13,hi,hi,dec3,0.2,1730,7.199650764465332,9.106438636779785,7.821834468841553,1.9067878723144531,0.6221837043762211,0.8656957928802589
only_hi,12,13,hi,hi,dec3,0.25,1142,6.732027530670166,8.692359924316406,7.836754631996155,1.9603323936462402,1.104727101325989,0.8501628664495114
only_hi,12,13,hi,hi,dec3,0.3,770,6.185074806213379,8.520241737365723,7.853318119049073,2.3351669311523438,1.6682433128356937,0.7850467289719626
only_hi,12,13,hi,hi,dec3,0.4,327,5.319267272949219,8.183761596679688,7.851199221611023,2.8644943237304688,2.5319319486618044,0.835195530726257
only_hi,12,13,hi,hi,dec3,0.5,163,4.6570329666137695,8.032809257507324,7.915287280082703,3.3757762908935547,3.2582543134689335,0.7486631016042781
only_hi,13,14,hi,hi,enc0,0.15,2311,4.711064338684082,6.427311897277832,4.876581454277039,1.71624755859375,0.1655171155929569,0.9316096747289407
only_hi,13,14,hi,hi,enc0,0.2,1367,4.3801589012146,5.448443412780762,4.865221619606018,1.068284511566162,0.48506271839141846,0.7924151696606786
only_hi,13,14,hi,hi,enc0,0.25,652,3.9739532470703125,5.186924457550049,4.896021294593811,1.2129712104797363,0.9220680475234984,0.8074277854195323
only_hi,13,14,hi,hi,enc0,0.3,191,3.8581318855285645,4.9602227210998535,4.899487137794495,1.102090835571289,1.0413552522659302,0.7666666666666667
only_hi,13,14,hi,hi,enc0,0.4,29,2.6182401180267334,4.90388822555542,4.827190279960632,2.2856481075286865,2.208950161933899,0.8181818181818182
only_hi,13,14,hi,hi,enc0,0.5,16,2.0354161262512207,4.8958740234375,4.885249328613281,2.8604578971862793,2.8498332023620607,0.8888888888888888
only_hi,13,14,hi,hi,enc1,0.15,2075,6.357424736022949,8.214766502380371,6.704473757743836,1.8573417663574219,0.3470490217208866,0.8777828259881872
only_hi,13,14,hi,hi,enc1,0.2,1057,5.574816703796387,7.507144451141357,6.692243528366089,1.9323277473449707,1.1174268245697023,0.7850622406639004
only_hi,13,14,hi,hi,enc1,0.25,583,5.046650409698486,7.199605941772461,6.6822510957717896,2.1529555320739746,1.6356006860733032,0.7649700598802395
only_hi,13,14,hi,hi,enc1,0.3,237,4.676933765411377,6.916653156280518,6.724488067626953,2.2397193908691406,2.047554302215576,0.7192307692307692
only_hi,13,14,hi,hi,enc1,0.4,54,5.010185718536377,6.745917797088623,6.6814168214797975,1.735732078552246,1.6712311029434206,0.6491228070175439
only_hi,13,14,hi,hi,enc1,0.5,29,3.829380989074707,6.7423014640808105,6.752537655830383,2.9129204750061035,2.923156666755676,0.7352941176470589
only_hi,13,14,hi,hi,enc2,0.15,1902,6.803528785705566,9.590264320373535,7.521018075942993,2.7867355346679688,0.7174892902374266,0.8664047151277013
only_hi,13,14,hi,hi,enc2,0.2,1084,6.014251232147217,8.625514030456543,7.515209412574768,2.611262798309326,1.500958180427551,0.7721005677210057
only_hi,13,14,hi,hi,enc2,0.25,566,5.3489670753479,8.136003494262695,7.539189291000366,2.787036418914795,2.190222215652466,0.7503875968992249
only_hi,13,14,hi,hi,enc2,0.3,278,4.8199639320373535,7.848710060119629,7.510175657272339,3.0287461280822754,2.6902117252349855,0.6677316293929713
only_hi,13,14,hi,hi,enc2,0.4,36,4.370596885681152,7.564724445343018,7.791458988189698,3.1941275596618652,3.4208621025085453,0.7142857142857143
only_hi,13,14,hi,hi,enc2,0.5,23,3.488340139389038,7.5563554763793945,7.4720217227935795,4.0680153369903564,3.9836815834045414,0.9565217391304348
only_hi,13,14,hi,hi,enc3,0.15,2057,6.610106945037842,9.375476837158203,7.151795744895935,2.7653698921203613,0.5416887998580933,0.9017980636237898
only_hi,13,14,hi,hi,enc3,0.2,1273,5.85962438583374,8.433218955993652,7.154538416862488,2.573594570159912,1.294914031028748,0.8233618233618234
only_hi,13,14,hi,hi,enc3,0.25,713,5.253294467926025,7.886981964111328,7.177116465568543,2.6336874961853027,1.9238219976425173,0.8257575757575758
only_hi,13,14,hi,hi,enc3,0.3,352,4.683475494384766,7.5472235679626465,7.183826208114624,2.863748073577881,2.5003507137298584,0.742014742014742
only_hi,13,14,hi,hi,enc3,0.4,44,3.3466105461120605,7.220034122467041,7.1588423490524296,3.8734235763549805,3.812231802940369,0.7142857142857143
only_hi,13,14,hi,hi,enc3,0.5,21,2.636064291000366,7.190822601318359,7.2275876760482785,4.554758310317993,4.591523385047912,1.0
only_hi,13,14,hi,hi,dec0,0.15,2462,8.020162582397461,9.87547492980957,8.087014198303223,1.8553123474121094,0.06685161590576172,0.9640575079872205
only_hi,13,14,hi,hi,dec0,0.2,1792,7.594114780426025,9.251021385192871,8.077903532981873,1.6569066047668457,0.4837887525558475,0.8241869918699187
only_hi,13,14,hi,hi,dec0,0.25,1012,7.344333648681641,8.579440116882324,8.118739938735962,1.2351064682006836,0.7744062900543209,0.75
only_hi,13,14,hi,hi,dec0,0.3,444,7.606989860534668,8.19278621673584,8.122881650924683,0.5857963562011719,0.5158917903900146,0.6959706959706959
only_hi,13,14,hi,hi,dec0,0.4,145,7.402087688446045,8.132560729980469,8.064289808273315,0.7304730415344238,0.6622021198272705,0.5833333333333334
only_hi,13,14,hi,hi,dec0,0.5,64,6.679332733154297,8.127388000488281,8.237221097946167,1.4480552673339844,1.5578883647918698,0.4931506849315068
only_hi,13,14,hi,hi,dec1,0.15,2252,13.116155624389648,15.348074913024902,13.404012537002563,2.231919288635254,0.2878569126129147,0.8971020579588408
only_hi,13,14,hi,hi,dec1,0.2,1427,12.676968574523926,14.276041030883789,13.354360723495484,1.5990724563598633,0.677392148971558,0.7567567567567568
only_hi,13,14,hi,hi,dec1,0.25,803,12.510380744934082,13.78426456451416,13.399028491973876,1.2738838195800781,0.8886477470397942,0.6973821989528796
only_hi,13,14,hi,hi,dec1,0.3,419,12.616747856140137,13.534971237182617,13.474741697311401,0.9182233810424805,0.8579938411712646,0.59375
only_hi,13,14,hi,hi,dec1,0.4,127,12.177678108215332,13.447687149047852,13.442355918884278,1.2700090408325195,1.264677810668946,0.5872093023255814
only_hi,13,14,hi,hi,dec1,0.5,19,12.063273429870605,13.394562721252441,13.618497323989867,1.331289291381836,1.555223894119262,0.3023255813953488
only_hi,13,14,hi,hi,dec2,0.15,2211,10.371338844299316,12.51211929321289,10.647152185440063,2.140780448913574,0.27581334114074707,0.9068669527896995
only_hi,13,14,hi,hi,dec2,0.2,1409,10.087565422058105,11.367836952209473,10.679853820800782,1.2802715301513672,0.5922883987426761,0.8294270833333334
only_hi,13,14,hi,hi,dec2,0.25,893,9.879915237426758,11.082780838012695,10.673215436935426,1.2028656005859375,0.7933001995086677,0.7680872150644202
only_hi,13,14,hi,hi,dec2,0.3,519,9.568480491638184,10.941555976867676,10.63036527633667,1.3730754852294922,1.0618847846984867,0.7425249169435216
only_hi,13,14,hi,hi,dec2,0.4,96,11.016036987304688,10.649439811706543,10.85005578994751,-0.36659717559814453,-0.1659811973571781,0.0
only_hi,13,14,hi,hi,dec2,0.5,32,5.895566940307617,10.72353744506836,10.500212001800538,4.827970504760742,4.604645061492921,0.7567567567567568
only_hi,13,14,hi,hi,dec3,0.15,2387,7.735897064208984,10.214652061462402,7.9044922351837155,2.478754997253418,0.1685951709747311,0.9518367346938775
only_hi,13,14,hi,hi,dec3,0.2,1700,7.208451747894287,9.277153015136719,7.88365068435669,2.0687012672424316,0.6751989364624027,0.8560606060606061
only_hi,13,14,hi,hi,dec3,0.25,1096,6.583743572235107,8.891349792480469,7.903727889060974,2.3076062202453613,1.3199843168258667,0.8389482333607231
only_hi,13,14,hi,hi,dec3,0.3,756,6.156615257263184,8.635431289672852,7.897336339950561,2.478816032409668,1.7407210826873776,0.8059171597633136
only_hi,13,14,hi,hi,dec3,0.4,301,5.1895270347595215,8.265016555786133,7.879873585700989,3.0754895210266113,2.6903465509414675,0.8045977011494253
only_hi,13,14,hi,hi,dec3,0.5,141,4.575521469116211,8.097383499145508,7.872308444976807,3.521862030029297,3.296786975860596,0.7572254335260116
only_hi,14,15,hi,hi,enc0,0.15,2299,4.655015468597412,6.799553871154785,4.878399324417114,2.144538402557373,0.22338385581970233,0.9353484466834593
only_hi,14,15,hi,hi,enc0,0.2,1292,4.3231587409973145,5.434576511383057,4.876396608352661,1.1114177703857422,0.5532378673553469,0.7785953177257525
only_hi,14,15,hi,hi,enc0,0.25,653,3.995056629180908,5.174510955810547,4.875814962387085,1.1794543266296387,0.8807583332061766,0.7827868852459017
only_hi,14,15,hi,hi,enc0,0.3,159,4.416506767272949,4.903931617736816,4.877745938301087,0.4874248504638672,0.4612391710281374,0.6055045871559633
only_hi,14,15,hi,hi,enc0,0.4,35,3.8447790145874023,4.8879194259643555,5.034444856643677,1.0431404113769531,1.1896658420562742,0.7777777777777778
only_hi,14,15,hi,hi,enc0,0.5,18,2.689171314239502,4.889126300811768,4.9216569542884825,2.1999549865722656,2.2324856400489805,0.8888888888888888
only_hi,14,15,hi,hi,enc1,0.15,2075,6.2508087158203125,8.110774040222168,6.610097718238831,1.8599653244018555,0.35928900241851824,0.8778280542986425
only_hi,14,15,hi,hi,enc1,0.2,1031,5.650407314300537,7.245639324188232,6.601130485534668,1.5952320098876953,0.9507231712341309,0.7740016992353441
only_hi,14,15,hi,hi,enc1,0.25,591,5.018215179443359,7.078917503356934,6.597850012779236,2.060702323913574,1.5796348333358763,0.7627627627627628
only_hi,14,15,hi,hi,enc1,0.3,273,4.667471885681152,6.834251880645752,6.626938652992249,2.1667799949645996,1.9594667673110964,0.6612377850162866
only_hi,14,15,hi,hi,enc1,0.4,42,4.821781635284424,6.632898807525635,6.654075837135315,1.811117172241211,1.8322942018508908,0.6551724137931034
only_hi,14,15,hi,hi,enc1,0.5,28,3.48585844039917,6.6376566886901855,6.527060270309448,3.1517982482910156,3.0412018299102783,0.78125
only_hi,14,15,hi,hi,enc2,0.15,1874,6.771913528442383,9.56333065032959,7.511337208747864,2.791417121887207,0.7394236803054808,0.8610152784622968
only_hi,14,15,hi,hi,enc2,0.2,1056,5.948908805847168,8.622980117797852,7.514717411994934,2.6740713119506836,1.5658086061477663,0.7937971500419112
only_hi,14,15,hi,hi,enc2,0.25,525,5.202974319458008,8.11766529083252,7.568734622001648,2.9146909713745117,2.36576030254364,0.7262658227848101
only_hi,14,15,hi,hi,enc2,0.3,181,4.840409755706787,7.723789691925049,7.497869539260864,2.8833799362182617,2.657459783554077,0.5773195876288659
only_hi,14,15,hi,hi,enc2,0.4,35,3.9326207637786865,7.569651126861572,7.422092795372009,3.6370303630828857,3.4894720315933228,0.775
only_hi,14,15,hi,hi,enc2,0.5,21,3.0905447006225586,7.556561470031738,7.460426783561706,4.46601676940918,4.369882082939148,0.9130434782608695
only_hi,14,15,hi,hi,enc3,0.15,2018,6.623509407043457,9.393108367919922,7.202754998207093,2.769598960876465,0.5792455911636356,0.9024276377217554
only_hi,14,15,hi,hi,enc3,0.2,1279,5.923452377319336,8.494309425354004,7.202753114700317,2.570857048034668,1.2793007373809813,0.856
only_hi,14,15,hi,hi,enc3,0.25,691,5.2890305519104,7.920056343078613,7.200207018852234,2.631025791168213,1.9111764669418339,0.7571964956195244
only_hi,14,15,hi,hi,enc3,0.3,326,4.732221603393555,7.571442127227783,7.208087277412415,2.8392205238342285,2.47586567401886,0.7429305912596401
only_hi,14,15,hi,hi,enc3,0.4,48,3.5057125091552734,7.280665397644043,7.250336790084839,3.7749528884887695,3.744624280929566,0.7692307692307693
only_hi,14,15,hi,hi,enc3,0.5,23,3.1760404109954834,7.246455669403076,7.23187837600708,4.070415258407593,4.055837965011596,0.8333333333333334
only_hi,14,15,hi,hi,dec0,0.15,2452,7.901622295379639,10.396459579467773,8.011609864234924,2.4948372840881348,0.10998756885528493,0.9648140743702519
only_hi,14,15,hi,hi,dec0,0.2,1792,7.530392646789551,9.118659019470215,8.002211427688598,1.588266372680664,0.4718187808990475,0.8229908443540183
only_hi,14,15,hi,hi,dec0,0.25,948,7.2103271484375,8.475312232971191,8.01374773979187,1.2649850845336914,0.8034205913543708,0.7437722419928826
only_hi,14,15,hi,hi,dec0,0.3,473,7.221289157867432,8.184916496276855,7.974121832847596,0.9636273384094238,0.7528326749801639,0.7204502814258912
only_hi,14,15,hi,hi,dec0,0.4,150,6.749413013458252,8.085138320922852,7.9408738851547245,1.3357253074645996,1.1914608716964725,0.7052023121387283
only_hi,14,15,hi,hi,dec0,0.5,42,6.136175155639648,8.038076400756836,7.852863121032715,1.9019012451171875,1.7166879653930662,0.4722222222222222
only_hi,14,15,hi,hi,dec1,0.15,2250,12.770726203918457,13.960043907165527,12.91860580444336,1.1893177032470703,0.14787960052490234,0.9076271186440678
only_hi,14,15,hi,hi,dec1,0.2,1424,12.472816467285156,13.468708992004395,12.874148988723755,0.9958925247192383,0.401332521438599,0.7730099502487562
only_hi,14,15,hi,hi,dec1,0.25,849,12.556530952453613,13.092490196228027,12.958975505828857,0.5359592437744141,0.40244455337524343,0.715472481827622
only_hi,14,15,hi,hi,dec1,0.3,460,12.530622482299805,12.998885154724121,12.870690631866456,0.4682626724243164,0.3400681495666511,0.6742857142857143
only_hi,14,15,hi,hi,dec1,0.4,142,11.655253410339355,12.988709449768066,13.037827205657958,1.333456039428711,1.3825737953186028,0.5823529411764706
only_hi,14,15,hi,hi,dec1,0.5,37,10.922057151794434,12.94396686553955,12.668426513671875,2.021909713745117,1.7463693618774414,0.21739130434782608
only_hi,14,15,hi,hi,dec2,0.15,2208,10.435007095336914,12.502147674560547,10.73329463005066,2.067140579223633,0.2982875347137455,0.9072075960293483
only_hi,14,15,hi,hi,dec2,0.2,1387,10.09201717376709,11.46088981628418,10.720970058441162,1.3688726425170898,0.6289528846740726,0.8298429319371727
only_hi,14,15,hi,hi,dec2,0.25,888,9.62156867980957,11.302210807800293,10.730860376358033,1.6806421279907227,1.1092916965484623,0.7863590772316951
only_hi,14,15,hi,hi,dec2,0.3,513,9.544569969177246,11.013623237609863,10.71477632522583,1.4690532684326172,1.1702063560485847,0.6973684210526315
only_hi,14,15,hi,hi,dec2,0.4,161,7.849109172821045,10.911856651306152,10.765866899490357,3.0627474784851074,2.916757726669312,0.37433155080213903
only_hi,14,15,hi,hi,dec2,0.5,20,5.437658309936523,10.760826110839844,10.471920108795166,5.32316780090332,5.034261798858642,0.5294117647058824
only_hi,14,15,hi,hi,dec3,0.15,2383,7.526981353759766,10.189050674438477,7.713652157783509,2.662069320678711,0.18667080402374303,0.9525173966434711
only_hi,14,15,hi,hi,dec3,0.2,1704,7.028433799743652,9.069868087768555,7.703433465957642,2.0414342880249023,0.6749996662139894,0.8631636562671046
only_hi,14,15,hi,hi,dec3,0.25,1144,6.55836820602417,8.642291069030762,7.705938673019409,2.083922863006592,1.147570466995239,0.8451400329489291
only_hi,14,15,hi,hi,dec3,0.3,776,6.16865873336792,8.381938934326172,7.718079519271851,2.213280200958252,1.5494207859039308,0.8238095238095238
only_hi,14,15,hi,hi,dec3,0.4,309,5.2876129150390625,8.043707847595215,7.718529844284058,2.7560949325561523,2.4309169292449955,0.799410029498525
only_hi,14,15,hi,hi,dec3,0.5,149,4.67180061340332,7.898863315582275,7.71950409412384,3.227062702178955,3.0477034807205197,0.7791411042944786
only_hi,15,16,hi,hi,enc0,0.15,2304,4.671969413757324,6.238194942474365,4.83322160243988,1.566225528717041,0.16125218868255597,0.9324097397145256
only_hi,15,16,hi,hi,enc0,0.2,1288,4.2311248779296875,5.433574199676514,4.827257990837097,1.2024493217468262,0.5961331129074097,0.7793103448275862
only_hi,15,16,hi,hi,enc0,0.25,626,3.986755609512329,5.101078510284424,4.818112587928772,1.1143229007720947,0.8313569784164425,0.7913165266106442
only_hi,15,16,hi,hi,enc0,0.3,180,4.13540506362915,4.881017684936523,4.790186190605164,0.745612621307373,0.6547811269760135,0.7564766839378239
only_hi,15,16,hi,hi,enc0,0.4,36,3.476039409637451,4.847883701324463,4.676980113983154,1.3718442916870117,1.2009407043457028,0.8205128205128205
only_hi,15,16,hi,hi,enc0,0.5,15,2.187223196029663,4.844160556793213,4.808908867835998,2.65693736076355,2.6216856718063353,0.8333333333333334
only_hi,15,16,hi,hi,enc1,0.15,2029,6.225946426391602,8.060123443603516,6.602484679222107,1.834177017211914,0.376538252830505,0.8765432098765432
only_hi,15,16,hi,hi,enc1,0.2,1001,5.450922966003418,7.348299026489258,6.611362791061401,1.8973760604858398,1.160439825057983,0.7623590633130962
only_hi,15,16,hi,hi,enc1,0.25,532,5.004026412963867,7.026741027832031,6.590138554573059,2.022714614868164,1.586112141609192,0.7768987341772152
only_hi,15,16,hi,hi,enc1,0.3,207,4.609675884246826,6.782052516937256,6.582172060012818,2.1723766326904297,1.9724961757659916,0.6666666666666666
only_hi,15,16,hi,hi,enc1,0.4,38,4.3621721267700195,6.640209674835205,6.591130256652832,2.2780375480651855,2.2289581298828125,0.7777777777777778
only_hi,15,16,hi,hi,enc1,0.5,30,4.109090805053711,6.636007785797119,6.792507219314575,2.526916980743408,2.683416414260864,0.8125
only_hi,15,16,hi,hi,enc2,0.15,1851,6.794636249542236,9.704864501953125,7.578482055664063,2.9102282524108887,0.7838458061218265,0.8671679197994987
only_hi,15,16,hi,hi,enc2,0.2,1026,5.9686150550842285,8.692190170288086,7.582007527351379,2.7235751152038574,1.6133924722671509,0.8025974025974026
only_hi,15,16,hi,hi,enc2,0.25,511,5.390438079833984,8.151832580566406,7.596680474281311,2.761394500732422,2.206242394447327,0.7353433835845896
only_hi,15,16,hi,hi,enc2,0.3,242,4.844305992126465,7.888393878936768,7.633570289611816,3.0440878868103027,2.789264297485351,0.6145038167938931
only_hi,15,16,hi,hi,enc2,0.4,28,4.3411455154418945,7.636677265167236,7.573420906066895,3.295531749725342,3.2322753906250004,0.7027027027027027
only_hi,15,16,hi,hi,enc2,0.5,20,2.9934024810791016,7.6369099617004395,7.597390937805176,4.643507480621338,4.603988456726074,0.8636363636363636
only_hi,15,16,hi,hi,enc3,0.15,2032,6.636141777038574,9.349162101745605,7.193026375770569,2.7130203247070312,0.5568845987319948,0.9005161895823557
only_hi,15,16,hi,hi,enc3,0.2,1271,5.920402526855469,8.453194618225098,7.1945942640304565,2.532792091369629,1.2741917371749878,0.8385003604902668
only_hi,15,16,hi,hi,enc3,0.25,668,5.234452724456787,7.888152122497559,7.218130612373352,2.6536993980407715,1.9836778879165653,0.8023872679045093
only_hi,15,16,hi,hi,enc3,0.3,302,4.613508224487305,7.541062355041504,7.209796118736267,2.927554130554199,2.5962878942489622,0.7840909090909091
only_hi,15,16,hi,hi,enc3,0.4,50,3.439929962158203,7.270517826080322,7.236022925376892,3.830587863922119,3.7960929632186886,0.7818181818181819
only_hi,15,16,hi,hi,enc3,0.5,23,2.90693736076355,7.234583377838135,7.289727687835693,4.327646017074585,4.3827903270721436,1.0
only_hi,15,16,hi,hi,dec0,0.15,2462,7.782809734344482,9.472561836242676,7.845619320869446,1.6897521018981934,0.06280958652496338,0.9663865546218487
only_hi,15,16,hi,hi,dec0,0.2,1824,7.407238483428955,8.938568115234375,7.85014111995697,1.53132963180542,0.4429026365280153,0.8534085084572014
only_hi,15,16,hi,hi,dec0,0.25,1022,7.135282516479492,8.320760726928711,7.819601249694824,1.1854782104492188,0.6843187332153322,0.7387466902030009
only_hi,15,16,hi,hi,dec0,0.3,470,7.189600467681885,7.995443344116211,7.840983414649964,0.8058428764343262,0.651382946968079,0.7114337568058077
only_hi,15,16,hi,hi,dec0,0.4,146,6.897594451904297,7.904946804046631,7.748795032501221,1.007352352142334,0.8512005805969238,0.7209302325581395
only_hi,15,16,hi,hi,dec0,0.5,57,5.705152988433838,7.896282196044922,7.915566349029541,2.191129207611084,2.2104133605957035,0.546875
only_hi,15,16,hi,hi,dec1,0.15,2250,12.610841751098633,15.095775604248047,12.90554780960083,2.484933853149414,0.29470605850219656,0.8963337547408344
only_hi,15,16,hi,hi,dec1,0.2,1414,11.970219612121582,14.073468208312988,12.885952043533326,2.1032485961914062,0.9157324314117439,0.7860289490245438
only_hi,15,16,hi,hi,dec1,0.25,832,11.425213813781738,13.627493858337402,12.940572023391724,2.202280044555664,1.5153582096099854,0.7713382507903056
only_hi,15,16,hi,hi,dec1,0.3,461,11.111550331115723,13.307126998901367,12.817271280288697,2.1955766677856445,1.7057209491729743,0.6017391304347826
only_hi,15,16,hi,hi,dec1,0.4,146,10.96923828125,13.029236793518066,12.943455505371094,2.0599985122680664,1.9742172241210945,0.6089385474860335
only_hi,15,16,hi,hi,dec1,0.5,42,10.54509449005127,12.951228141784668,13.273315143585204,2.4061336517333984,2.728220653533935,0.46296296296296297
only_hi,15,16,hi,hi,dec2,0.15,2220,10.25780963897705,12.222610473632812,10.514286041259766,1.9648008346557617,0.25647640228271484,0.9127429805615551
only_hi,15,16,hi,hi,dec2,0.2,1387,9.809027671813965,11.357973098754883,10.513380002975463,1.548945426940918,0.7043523311614983,0.8107049608355091
only_hi,15,16,hi,hi,dec2,0.25,867,9.569439888000488,11.004912376403809,10.538940572738648,1.4354724884033203,0.9695006847381595,0.7871690427698574
only_hi,15,16,hi,hi,dec2,0.3,502,9.246806144714355,10.829020500183105,10.504424667358398,1.58221435546875,1.2576185226440426,0.7560553633217993
only_hi,15,16,hi,hi,dec2,0.4,112,6.53903865814209,10.700838088989258,10.77759337425232,4.161799430847168,4.2385547161102295,0.5423728813559322
only_hi,15,16,hi,hi,dec2,0.5,26,6.406952381134033,10.56094741821289,10.747142648696899,4.153995037078857,4.340190267562866,0.5862068965517241
only_hi,15,16,hi,hi,dec3,0.15,2389,7.610472202301025,10.037200927734375,7.773333597183227,2.4267287254333496,0.16286139488220197,0.9541359541359541
only_hi,15,16,hi,hi,dec3,0.2,1674,7.044330596923828,9.1484956741333,7.757679986953735,2.1041650772094727,0.713349390029907,0.854006586169045
only_hi,15,16,hi,hi,dec3,0.25,1121,6.555784225463867,8.720460891723633,7.781186819076538,2.1646766662597656,1.225402593612671,0.8444625407166124
only_hi,15,16,hi,hi,dec3,0.3,737,6.03612756729126,8.474575996398926,7.790348601341248,2.438448429107666,1.754221034049988,0.8163265306122449
only_hi,15,16,hi,hi,dec3,0.4,297,5.281543731689453,8.099495887756348,7.763890957832336,2.8179521560668945,2.482347226142883,0.7928994082840237
only_hi,15,16,hi,hi,dec3,0.5,151,4.684035778045654,7.966163635253906,7.746343684196472,3.282127857208252,3.062307906150818,0.7857142857142857
only_hi,16,17,hi,hi,enc0,0.15,2296,4.629656791687012,6.447301864624023,4.818944334983826,1.8176450729370117,0.18928754329681396,0.9327731092436975
only_hi,16,17,hi,hi,enc0,0.2,1249,4.227205753326416,5.379098415374756,4.815383577346802,1.1518926620483398,0.5881778240203861,0.7816011235955056
only_hi,16,17,hi,hi,enc0,0.25,629,3.9326348304748535,5.105205059051514,4.840234398841858,1.1725702285766602,0.9075995683670044,0.7801418439716312
only_hi,16,17,hi,hi,enc0,0.3,215,3.876742362976074,4.903317451477051,4.808245778083801,1.0265750885009766,0.931503415107727,0.5991902834008097
only_hi,16,17,hi,hi,enc0,0.4,21,3.2304861545562744,4.830223560333252,4.900356316566468,1.5997374057769775,1.6698701620101932,0.5
only_hi,16,17,hi,hi,enc0,0.5,16,2.4262962341308594,4.832137584686279,4.857325863838196,2.40584135055542,2.4310296297073366,0.9375
only_hi,16,17,hi,hi,enc1,0.15,2015,6.268716812133789,8.096007347106934,6.650812983512878,1.8272905349731445,0.38209617137908936,0.8800557880055788
only_hi,16,17,hi,hi,enc1,0.2,988,5.513282775878906,7.377013206481934,6.677351284027099,1.8637304306030273,1.1640685081481932,0.7743086529884032
only_hi,16,17,hi,hi,enc1,0.25,537,4.996591091156006,7.098674297332764,6.622729420661926,2.102083206176758,1.6261383295059204,0.7611202635914333
only_hi,16,17,hi,hi,enc1,0.3,204,4.636791706085205,6.832717418670654,6.747610640525818,2.195925712585449,2.110818934440613,0.7792207792207793
only_hi,16,17,hi,hi,enc1,0.4,60,4.663483619689941,6.705592155456543,6.801050591468811,2.0421085357666016,2.1375669717788695,0.5555555555555556
only_hi,16,17,hi,hi,enc1,0.5,26,4.224965572357178,6.682690143585205,6.427767038345337,2.4577245712280273,2.202801465988159,0.6470588235294118
only_hi,16,17,hi,hi,enc2,0.15,1803,6.829911231994629,9.671893119812012,7.671289324760437,2.841981887817383,0.8413780927658081,0.8548223350253807
only_hi,16,17,hi,hi,enc2,0.2,987,6.041231632232666,8.692471504211426,7.660856103897094,2.6512398719787598,1.6196244716644284,0.7989276139410187
only_hi,16,17,hi,hi,enc2,0.25,515,5.577442646026611,8.197344779968262,7.700849914550782,2.6199021339416504,2.1234072685241703,0.7538461538461538
only_hi,16,17,hi,hi,enc2,0.3,191,5.516857147216797,7.843914985656738,7.657655930519104,2.3270578384399414,2.1407987833023068,0.6653846153846154
only_hi,16,17,hi,hi,enc2,0.4,28,3.6439995765686035,7.714818954467773,7.743918609619141,4.07081937789917,4.099919033050537,0.8666666666666667
only_hi,16,17,hi,hi,enc2,0.5,20,2.9361464977264404,7.707571029663086,7.561859130859375,4.7714245319366455,4.625712633132935,1.0
only_hi,16,17,hi,hi,enc3,0.15,2014,6.702682971954346,9.418977737426758,7.2842813491821286,2.716294765472412,0.5815983772277828,0.8977485928705441
only_hi,16,17,hi,hi,enc3,0.2,1256,5.989303112030029,8.52714729309082,7.282905387878418,2.537844181060791,1.2936022758483885,0.8153735632183908
only_hi,16,17,hi,hi,enc3,0.25,644,5.280008316040039,7.95492696762085,7.289501357078552,2.6749186515808105,2.009493041038513,0.8046767537826685
only_hi,16,17,hi,hi,enc3,0.3,279,4.617430686950684,7.607936382293701,7.300493574142456,2.9905056953430176,2.683062887191772,0.6938775510204082
only_hi,16,17,hi,hi,enc3,0.4,52,3.6576898097991943,7.357163429260254,7.2692512512207035,3.6994736194610596,3.611561441421509,0.7288135593220338
only_hi,16,17,hi,hi,enc3,0.5,21,2.6847751140594482,7.320041179656982,7.306900811195374,4.635266065597534,4.6221256971359255,0.8333333333333334
only_hi,16,17,hi,hi,dec0,0.15,2452,7.879058361053467,9.828875541687012,7.965420484542847,1.949817180633545,0.08636212348937988,0.9632441070715142
only_hi,16,17,hi,hi,dec0,0.2,1793,7.535043239593506,8.957805633544922,7.954598927497864,1.422762393951416,0.41955568790435827,0.8416496945010183
only_hi,16,17,hi,hi,dec0,0.25,1041,7.237720966339111,8.457209587097168,8.006640529632568,1.2194886207580566,0.7689195632934567,0.7572402044293015
only_hi,16,17,hi,hi,dec0,0.3,468,7.520812511444092,8.059860229492188,7.914026093482971,0.5390477180480957,0.39321358203887957,0.6870503597122302
only_hi,16,17,hi,hi,dec0,0.4,133,7.322833061218262,7.996304512023926,7.92344605922699,0.6734714508056641,0.600612998008728,0.5852272727272727
only_hi,16,17,hi,hi,dec0,0.5,65,5.8663506507873535,8.015893936157227,8.059039235115051,2.149543285369873,2.1926885843276978,0.7428571428571429
only_hi,16,17,hi,hi,dec1,0.15,2223,12.903938293457031,15.172442436218262,13.223626613616943,2.2685041427612305,0.3196883201599121,0.8889358108108109
only_hi,16,17,hi,hi,dec1,0.2,1386,12.421308517456055,14.124899864196777,13.162474489212036,1.7035913467407227,0.7411659717559811,0.7777777777777778
only_hi,16,17,hi,hi,dec1,0.25,766,12.053085327148438,13.693368911743164,13.216849184036255,1.6402835845947266,1.163763856887817,0.7072649572649573
only_hi,16,17,hi,hi,dec1,0.3,402,11.669447898864746,13.4881591796875,13.15520076751709,1.818711280822754,1.4857528686523445,0.6628131021194605
only_hi,16,17,hi,hi,dec1,0.4,88,11.376739501953125,13.267562866210938,13.218198585510255,1.8908233642578125,1.8414590835571296,0.453416149068323
only_hi,16,17,hi,hi,dec1,0.5,10,10.159290313720703,13.214498519897461,13.923707962036133,3.055208206176758,3.7644176483154297,0.10638297872340426
only_hi,16,17,hi,hi,dec2,0.15,2168,10.191489219665527,12.463374137878418,10.532686901092529,2.2718849182128906,0.34119768142700124,0.9061685490877498
only_hi,16,17,hi,hi,dec2,0.2,1372,9.842074394226074,11.344667434692383,10.538502311706543,1.5025930404663086,0.6964279174804684,0.8127463863337714
only_hi,16,17,hi,hi,dec2,0.25,886,9.56252670288086,11.056387901306152,10.523769855499268,1.493861198425293,0.9612431526184082,0.785132382892057
only_hi,16,17,hi,hi,dec2,0.3,532,9.092336654663086,10.918968200683594,10.565355825424195,1.8266315460205078,1.473019170761109,0.7119205298013245
only_hi,16,17,hi,hi,dec2,0.4,101,6.460169792175293,10.706918716430664,10.668125820159911,4.246748924255371,4.207956027984618,0.6771653543307087
only_hi,16,17,hi,hi,dec2,0.5,27,5.8047966957092285,10.589838981628418,10.561249399185181,4.7850422859191895,4.7564527034759525,0.6060606060606061
only_hi,16,17,hi,hi,dec3,0.15,2397,7.625576019287109,10.133584976196289,7.790598893165589,2.5080089569091797,0.16502287387847936,0.9518760195758564
only_hi,16,17,hi,hi,dec3,0.2,1670,7.047830581665039,9.168992042541504,7.78695707321167,2.121161460876465,0.7391264915466307,0.8567462520821766
only_hi,16,17,hi,hi,dec3,0.25,1108,6.5211501121521,8.749894142150879,7.786246967315674,2.2287440299987793,1.2650968551635744,0.8637123745819398
only_hi,16,17,hi,hi,dec3,0.3,722,5.912562370300293,8.52089786529541,7.788348317146301,2.608335494995117,1.8757859468460083,0.8124223602484472
only_hi,16,17,hi,hi,dec3,0.4,312,5.175844669342041,8.147427558898926,7.737502074241638,2.9715828895568848,2.561657404899597,0.8343373493975904
only_hi,16,17,hi,hi,dec3,0.5,147,4.56156587600708,7.981653690338135,7.905178809165955,3.4200878143310547,3.343612933158875,0.7844311377245509
only_hi,17,18,hi,hi,enc0,0.15,2281,4.600351810455322,6.642884254455566,4.82534236907959,2.042532444000244,0.22499055862426776,0.9295952782462057
only_hi,17,18,hi,hi,enc0,0.2,1287,4.254019260406494,5.3981499671936035,4.831551957130432,1.1441307067871094,0.5775326967239378,0.8088445078459344
only_hi,17,18,hi,hi,enc0,0.25,605,3.9018216133117676,5.108013153076172,4.802565717697144,1.2061915397644043,0.9007441043853763,0.760342368045649
only_hi,17,18,hi,hi,enc0,0.3,173,4.222776889801025,4.866454601287842,4.877382469177246,0.6436777114868164,0.6546055793762209,0.7321428571428571
only_hi,17,18,hi,hi,enc0,0.4,26,2.6412301063537598,4.845341682434082,4.907565355300903,2.2041115760803223,2.2663352489471436,0.5666666666666667
only_hi,17,18,hi,hi,enc0,0.5,16,2.300734519958496,4.83881950378418,4.895940589904785,2.5380849838256836,2.595206069946289,0.8823529411764706
only_hi,17,18,hi,hi,enc1,0.15,1999,6.225122928619385,8.047187805175781,6.627617812156677,1.8220648765563965,0.4024948835372921,0.8774555659494855
only_hi,17,18,hi,hi,enc1,0.2,993,5.431756019592285,7.380191326141357,6.618035221099854,1.9484353065490723,1.1862792015075687,0.7943840579710145
only_hi,17,18,hi,hi,enc1,0.25,487,4.840497970581055,7.043497562408447,6.662594318389893,2.2029995918273926,1.822096347808838,0.7268128161888702
only_hi,17,18,hi,hi,enc1,0.3,195,4.52970027923584,6.797125339508057,6.672319102287292,2.267425060272217,2.1426188230514525,0.6978723404255319
only_hi,17,18,hi,hi,enc1,0.4,34,4.396022319793701,6.654405117034912,6.747940015792847,2.258382797241211,2.3519176959991457,0.5409836065573771
only_hi,17,18,hi,hi,enc1,0.5,27,4.123755931854248,6.651066780090332,6.72581148147583,2.527310848236084,2.602055549621582,0.7096774193548387
only_hi,17,18,hi,hi,enc2,0.15,1801,6.769848823547363,9.520913124084473,7.591046237945557,2.7510643005371094,0.8211974143981937,0.8558187435633368
only_hi,17,18,hi,hi,enc2,0.2,1016,5.922385215759277,8.679874420166016,7.56681866645813,2.7574892044067383,1.6444334506988527,0.8093947606142728
only_hi,17,18,hi,hi,enc2,0.25,512,5.4290690422058105,8.124603271484375,7.574037027359009,2.6955342292785645,2.1449679851531984,0.7088186356073212
only_hi,17,18,hi,hi,enc2,0.3,222,4.810891628265381,7.848952770233154,7.536163330078125,3.0380611419677734,2.725271701812744,0.6720647773279352
only_hi,17,18,hi,hi,enc2,0.4,26,3.5401618480682373,7.627003192901611,7.507189321517944,4.086841344833374,3.967027473449707,0.8620689655172413
only_hi,17,18,hi,hi,enc2,0.5,20,2.8089592456817627,7.623106956481934,7.549628186225891,4.814147710800171,4.740668940544128,1.0
only_hi,17,18,hi,hi,enc3,0.15,1985,6.709447383880615,9.475424766540527,7.327317094802856,2.765977382659912,0.6178697109222409,0.8970588235294118
only_hi,17,18,hi,hi,enc3,0.2,1228,5.9793925285339355,8.576521873474121,7.314801263809204,2.5971293449401855,1.3354087352752684,0.8251285819250551
only_hi,17,18,hi,hi,enc3,0.25,672,5.313389301300049,8.048741340637207,7.30215060710907,2.735352039337158,1.988761305809021,0.7759784075573549
only_hi,17,18,hi,hi,enc3,0.3,300,4.768075466156006,7.670884609222412,7.335060405731201,2.9028091430664062,2.566984939575195,0.6734104046242775
only_hi,17,18,hi,hi,enc3,0.4,42,3.536480188369751,7.393999099731445,7.348370981216431,3.8575189113616943,3.81189079284668,0.7735849056603774
only_hi,17,18,hi,hi,enc3,0.5,22,3.091914415359497,7.36745548248291,7.206526684761047,4.275541067123413,4.11461226940155,0.8695652173913043
only_hi,17,18,hi,hi,dec0,0.15,2463,8.038007736206055,10.232717514038086,8.124977731704712,2.1947097778320312,0.08696999549865758,0.9667867146858744
only_hi,17,18,hi,hi,dec0,0.2,1823,7.64061164855957,9.309839248657227,8.11686556339264,1.6692276000976562,0.47625391483306956,0.8430173292558614
only_hi,17,18,hi,hi,dec0,0.25,1016,7.3014607429504395,8.660557746887207,8.116049313545227,1.3590970039367676,0.814588570594788,0.7855902777777778
only_hi,17,18,hi,hi,dec0,0.3,444,7.410345077514648,8.270318031311035,8.118931412696838,0.8599729537963867,0.7085863351821899,0.631484794275492
only_hi,17,18,hi,hi,dec0,0.4,132,6.871881008148193,8.18908405303955,8.227430891990661,1.3172030448913574,1.3555498838424676,0.65625
only_hi,17,18,hi,hi,dec0,0.5,29,5.662801742553711,8.149333953857422,7.7847175121307375,2.486532211303711,2.1219157695770265,0.34285714285714286
only_hi,17,18,hi,hi,dec1,0.15,2233,12.395652770996094,14.158621788024902,12.617018222808838,1.7629690170288086,0.22136545181274414,0.8873358746293943
only_hi,17,18,hi,hi,dec1,0.2,1376,11.898630142211914,13.460173606872559,12.613525009155273,1.5615434646606445,0.714894866943359,0.7762057877813505
only_hi,17,18,hi,hi,dec1,0.25,777,11.468727111816406,13.122917175292969,12.642203664779663,1.6541900634765625,1.1734765529632565,0.7220982142857143
only_hi,17,18,hi,hi,dec1,0.3,379,11.930136680603027,12.740870475769043,12.635690450668335,0.8107337951660156,0.7055537700653076,0.6511627906976745
only_hi,17,18,hi,hi,dec1,0.4,127,10.964999198913574,12.707277297973633,12.294198989868164,1.7422780990600586,1.3291997909545898,0.46258503401360546
only_hi,17,18,hi,hi,dec1,0.5,21,8.976973533630371,12.650981903076172,12.50337061882019,3.674008369445801,3.526397085189819,0.14814814814814814
only_hi,17,18,hi,hi,dec2,0.15,2159,10.39941120147705,12.561270713806152,10.745308351516723,2.1618595123291016,0.34589715003967214,0.8928258967629047
only_hi,17,18,hi,hi,dec2,0.2,1363,9.973978996276855,11.608072280883789,10.71830906867981,1.6340932846069336,0.7443300724029545,0.8136604774535809
only_hi,17,18,hi,hi,dec2,0.25,879,9.707448959350586,11.276947021484375,10.705174922943115,1.569498062133789,0.9977259635925293,0.7738693467336684
only_hi,17,18,hi,hi,dec2,0.3,514,9.355422973632812,11.085390090942383,10.779986095428466,1.7299671173095703,1.4245631217956536,0.7091503267973857
only_hi,17,18,hi,hi,dec2,0.4,86,10.742141723632812,10.737902641296387,10.875065994262695,-0.004239082336425781,0.1329242706298821,0.1402439024390244
only_hi,17,18,hi,hi,dec2,0.5,23,5.81891393661499,10.782641410827637,10.614306735992432,4.9637274742126465,4.795392799377442,0.7241379310344828
only_hi,17,18,hi,hi,dec3,0.15,2376,7.6232733726501465,9.979387283325195,7.795835423469543,2.356113910675049,0.1725620508193968,0.9489587586770111
only_hi,17,18,hi,hi,dec3,0.2,1678,7.1171770095825195,9.077644348144531,7.787165951728821,1.9604673385620117,0.6699889421463014,0.8589672404219878
only_hi,17,18,hi,hi,dec3,0.25,1078,6.496174335479736,8.73564624786377,7.771663475036621,2.239471912384033,1.2754891395568846,0.8277591973244147
only_hi,17,18,hi,hi,dec3,0.3,712,5.912601947784424,8.516955375671387,7.775497269630432,2.604353427886963,1.8628953218460085,0.8527131782945736
only_hi,17,18,hi,hi,dec3,0.4,308,5.2324934005737305,8.142760276794434,7.753718757629395,2.910266876220703,2.5212253570556644,0.8128654970760234
only_hi,17,18,hi,hi,dec3,0.5,143,4.495041370391846,7.987718105316162,7.814223718643189,3.4926767349243164,3.319182348251343,0.7791411042944786
